latitude,longitude,bright_ti4,scan,track,acq_date,acq_time,satellite,instrument,confidence,version,bright_ti5,frp,daynight
35.70914,4.47386,305.33,0.6,0.71,2026-08-19,43,N,VIIRS,n,2.0NRT,294.07,1.57,N
35.87741,4.44371,307.45,0.61,0.71,2026-08-19,43,N,VIIRS,n,2.0NRT,295.7,1.1,N
36.56085,3.66277,305.03,0.68,0.74,2026-08-19,43,N,VIIRS,n,2.0NRT,294.25,2.02,N
36.56122,3.66542,306,0.68,0.74,2026-08-19,43,N,VIIRS,n,2.0NRT,294.65,1.92,N
36.59599,2.87561,304.78,0.75,0.77,2026-08-19,43,N,VIIRS,n,2.0NRT,294.2,0.49,N
36.67747,3.11926,309.4,0.72,0.76,2026-08-19,43,N,VIIRS,n,2.0NRT,296.18,2.19,N
42.82679,-0.8775,326.04,0.41,0.37,2026-08-19,221,N,VIIRS,n,2.0NRT,292.91,4.74,N
42.8277,-0.88252,339.27,0.41,0.37,2026-08-19,221,N,VIIRS,n,2.0NRT,297.91,4.74,N
43.18677,0.9914,302.1,0.46,0.39,2026-08-19,221,N,VIIRS,n,2.0NRT,291.71,0.93,N
43.43359,4.89414,305.74,0.44,0.46,2026-08-19,221,N,VIIRS,n,2.0NRT,294.88,2.17,N
43.44591,4.89961,330,0.44,0.46,2026-08-19,221,N,VIIRS,n,2.0NRT,295.52,2.64,N
43.44716,4.89434,308.92,0.44,0.46,2026-08-19,221,N,VIIRS,n,2.0NRT,294.55,1.8,N
35.70826,4.47699,316.36,0.32,0.55,2026-08-19,224,N,VIIRS,n,2.0NRT,295.7,0.81,N
35.70874,4.47766,315.49,0.32,0.55,2026-08-19,224,N,VIIRS,n,2.0NRT,295.89,0.97,N
35.87934,4.44992,303.66,0.32,0.55,2026-08-19,224,N,VIIRS,n,2.0NRT,293.41,1.06,N
35.8802,4.44651,320.31,0.32,0.55,2026-08-19,224,N,VIIRS,n,2.0NRT,296.99,1.06,N
36.12746,1.24358,320.36,0.43,0.46,2026-08-19,224,N,VIIRS,n,2.0NRT,299.86,3.25,N
36.13774,2.92996,307.87,0.52,0.5,2026-08-19,224,N,VIIRS,n,2.0NRT,291.54,0.55,N
36.17905,3.7483,316.34,0.58,0.52,2026-08-19,224,N,VIIRS,n,2.0NRT,294.11,2.87,N
36.56045,3.6703,306.53,0.56,0.51,2026-08-19,224,N,VIIRS,n,2.0NRT,295.43,2.61,N
36.59726,3.70989,310.13,0.56,0.52,2026-08-19,224,N,VIIRS,n,2.0NRT,297.31,2.92,N
36.59751,2.88096,311.27,0.51,0.49,2026-08-19,224,N,VIIRS,n,2.0NRT,294.98,1.1,N
36.59911,3.13789,308.43,0.52,0.5,2026-08-19,224,N,VIIRS,n,2.0NRT,295.61,2.19,N
36.63059,3.23033,309.73,0.53,0.5,2026-08-19,224,N,VIIRS,n,2.0NRT,297,1.75,N
36.67976,3.12461,313.67,0.52,0.5,2026-08-19,224,N,VIIRS,n,2.0NRT,298.02,2.19,N
36.74777,3.0829,313,0.51,0.5,2026-08-19,224,N,VIIRS,n,2.0NRT,297.31,2.45,N
36.9676,-1.90395,312.87,0.45,0.39,2026-08-19,224,N,VIIRS,n,2.0NRT,298.52,2.2,N
37.29489,-4.97144,302.93,0.39,0.36,2026-08-19,224,N,VIIRS,n,2.0NRT,292.18,0.36,N
37.99273,-3.96029,307.2,0.39,0.36,2026-08-19,224,N,VIIRS,n,2.0NRT,296.29,0.46,N
38.37531,-0.54253,308.92,0.48,0.4,2026-08-19,224,N,VIIRS,n,2.0NRT,296.12,1.37,N
38.50034,-8.9386,304.22,0.46,0.39,2026-08-19,224,N,VIIRS,n,2.0NRT,291.59,0.63,N
38.92094,-9.01112,322.86,0.46,0.39,2026-08-19,224,N,VIIRS,n,2.0NRT,295.24,2.7,N
39.68688,-8.90619,303.09,0.47,0.4,2026-08-19,224,N,VIIRS,n,2.0NRT,292.42,0.91,N
39.93468,-3.74435,306.5,0.39,0.36,2026-08-19,224,N,VIIRS,n,2.0NRT,295.87,1.08,N
39.93797,-3.74344,311.74,0.39,0.36,2026-08-19,224,N,VIIRS,n,2.0NRT,297.2,1.08,N
39.97057,-4.17296,302.97,0.38,0.36,2026-08-19,224,N,VIIRS,n,2.0NRT,292.94,1.26,N
39.97385,-4.17207,322.45,0.38,0.36,2026-08-19,224,N,VIIRS,n,2.0NRT,296.48,1.26,N
40.0996,-6.36241,322.84,0.4,0.37,2026-08-19,224,N,VIIRS,n,2.0NRT,295.81,19.47,N
40.10026,-6.36707,324.25,0.4,0.37,2026-08-19,224,N,VIIRS,n,2.0NRT,298.83,4.5,N
40.10092,-6.37173,338.39,0.4,0.37,2026-08-19,224,N,VIIRS,n,2.0NRT,300.48,4.5,N
40.10159,-6.3764,316.4,0.4,0.37,2026-08-19,224,N,VIIRS,n,2.0NRT,294.35,5.85,N
40.10162,-6.35228,321.14,0.4,0.37,2026-08-19,224,N,VIIRS,n,2.0NRT,296.63,19.41,N
40.10229,-6.35693,354.36,0.4,0.37,2026-08-19,224,N,VIIRS,n,2.0NRT,312.83,19.47,N
40.10295,-6.36158,343.58,0.4,0.37,2026-08-19,224,N,VIIRS,n,2.0NRT,301.76,19.47,N
40.10361,-6.36623,322.11,0.4,0.37,2026-08-19,224,N,VIIRS,n,2.0NRT,299.13,4.5,N
40.10427,-6.37089,344.39,0.4,0.37,2026-08-19,224,N,VIIRS,n,2.0NRT,305.07,4.5,N
40.10564,-6.35611,367,0.4,0.37,2026-08-19,224,N,VIIRS,h,2.0NRT,310.21,11.19,N
40.1063,-6.36074,325.68,0.4,0.37,2026-08-19,224,N,VIIRS,n,2.0NRT,298.14,11.19,N
40.10696,-6.36539,318.58,0.4,0.37,2026-08-19,224,N,VIIRS,n,2.0NRT,297.31,4.13,N
40.10762,-6.37005,337.12,0.4,0.37,2026-08-19,224,N,VIIRS,n,2.0NRT,300.26,4.13,N
40.10829,-6.37473,330,0.4,0.37,2026-08-19,224,N,VIIRS,n,2.0NRT,295.62,5.64,N
40.10899,-6.35527,306.44,0.4,0.37,2026-08-19,224,N,VIIRS,n,2.0NRT,295.66,11.19,N
40.10965,-6.35991,312.56,0.4,0.37,2026-08-19,224,N,VIIRS,n,2.0NRT,297.21,11.19,N
40.11031,-6.36455,333.15,0.4,0.37,2026-08-19,224,N,VIIRS,n,2.0NRT,298.99,4.13,N
40.11097,-6.36921,347,0.4,0.37,2026-08-19,224,N,VIIRS,n,2.0NRT,299.82,4.13,N
40.113,-6.35908,328.59,0.4,0.37,2026-08-19,224,N,VIIRS,n,2.0NRT,297.73,2.77,N
40.11366,-6.36372,367,0.4,0.37,2026-08-19,224,N,VIIRS,h,2.0NRT,306.56,8.99,N
40.11433,-6.36839,330.79,0.4,0.37,2026-08-19,224,N,VIIRS,n,2.0NRT,295.63,8.99,N
40.11635,-6.35826,319.04,0.4,0.37,2026-08-19,224,N,VIIRS,n,2.0NRT,296.95,2.77,N
40.11701,-6.3629,336.05,0.4,0.37,2026-08-19,224,N,VIIRS,n,2.0NRT,300.21,8.99,N
40.11768,-6.36757,330,0.4,0.37,2026-08-19,224,N,VIIRS,n,2.0NRT,295.1,8.99,N
40.1197,-6.35743,351.96,0.4,0.37,2026-08-19,224,N,VIIRS,n,2.0NRT,298.97,7.73,N
40.12037,-6.36207,322.69,0.4,0.37,2026-08-19,224,N,VIIRS,n,2.0NRT,296.67,2.54,N
40.24402,-3.4732,330.19,0.39,0.36,2026-08-19,224,N,VIIRS,n,2.0NRT,298.74,2.62,N
40.36469,-6.35897,311.57,0.4,0.37,2026-08-19,224,N,VIIRS,n,2.0NRT,295.77,2.45,N
40.36804,-6.35808,331.41,0.4,0.37,2026-08-19,224,N,VIIRS,n,2.0NRT,297.16,2.3,N
40.3687,-6.36282,324.5,0.4,0.37,2026-08-19,224,N,VIIRS,n,2.0NRT,295.28,2.3,N
40.37139,-6.3572,317.53,0.4,0.37,2026-08-19,224,N,VIIRS,n,2.0NRT,296.2,2.3,N
40.37205,-6.36194,322.39,0.4,0.37,2026-08-19,224,N,VIIRS,n,2.0NRT,295.37,2.3,N
40.37415,-6.27804,329.49,0.4,0.37,2026-08-19,224,N,VIIRS,n,2.0NRT,292.25,3.06,N
40.37541,-6.36109,338.39,0.4,0.37,2026-08-19,224,N,VIIRS,n,2.0NRT,296.13,3.51,N
40.37686,-6.27273,305.55,0.4,0.37,2026-08-19,224,N,VIIRS,n,2.0NRT,293.21,3.34,N
40.3775,-6.27727,339.79,0.4,0.37,2026-08-19,224,N,VIIRS,n,2.0NRT,302.55,4.42,N
40.3781,-6.35548,311.63,0.4,0.37,2026-08-19,224,N,VIIRS,n,2.0NRT,295.01,3.51,N
40.37814,-6.28176,312.73,0.4,0.37,2026-08-19,224,N,VIIRS,n,2.0NRT,295.37,4.42,N
40.37877,-6.28619,305.45,0.4,0.37,2026-08-19,224,N,VIIRS,n,2.0NRT,293.85,2.56,N
40.38151,-6.28108,305.94,0.4,0.37,2026-08-19,224,N,VIIRS,n,2.0NRT,294.74,4.42,N
40.38415,-6.29975,308.31,0.4,0.37,2026-08-19,224,N,VIIRS,n,2.0NRT,294.84,2.12,N
40.38425,-6.27603,329.85,0.4,0.37,2026-08-19,224,N,VIIRS,n,2.0NRT,294.93,6.42,N
40.38482,-6.30451,308.15,0.4,0.37,2026-08-19,224,N,VIIRS,n,2.0NRT,294.19,1.3,N
40.3849,-6.28051,329.76,0.4,0.37,2026-08-19,224,N,VIIRS,n,2.0NRT,298.21,6.42,N
40.38552,-6.28496,306.72,0.4,0.37,2026-08-19,224,N,VIIRS,n,2.0NRT,295.21,1.27,N
40.38618,-6.28959,309.12,0.4,0.37,2026-08-19,224,N,VIIRS,n,2.0NRT,295.66,1.27,N
40.38686,-6.2944,307.04,0.4,0.37,2026-08-19,224,N,VIIRS,n,2.0NRT,294.98,1.6,N
40.387,-6.27096,316.08,0.4,0.37,2026-08-19,224,N,VIIRS,n,2.0NRT,294.69,2.51,N
40.38763,-6.27541,367,0.4,0.37,2026-08-19,224,N,VIIRS,h,2.0NRT,304,6.42,N
40.38827,-6.2799,335.35,0.4,0.37,2026-08-19,224,N,VIIRS,n,2.0NRT,298.74,6.42,N
40.3889,-6.28438,311.69,0.4,0.37,2026-08-19,224,N,VIIRS,n,2.0NRT,296.52,1.27,N
40.39035,-6.27019,325.57,0.4,0.37,2026-08-19,224,N,VIIRS,n,2.0NRT,295.87,5.65,N
40.39092,-6.29863,318.09,0.4,0.37,2026-08-19,224,N,VIIRS,n,2.0NRT,295.45,1.6,N
40.391,-6.27469,341.74,0.4,0.37,2026-08-19,224,N,VIIRS,n,2.0NRT,298.79,5.06,N
40.39143,-6.35144,306.26,0.4,0.37,2026-08-19,224,N,VIIRS,n,2.0NRT,294.55,1.87,N
40.39158,-6.30335,313.1,0.4,0.37,2026-08-19,224,N,VIIRS,n,2.0NRT,295.11,1.9,N
40.39164,-6.2792,328.42,0.4,0.37,2026-08-19,224,N,VIIRS,n,2.0NRT,298.31,5.06,N
40.39225,-6.30804,325.49,0.4,0.37,2026-08-19,224,N,VIIRS,n,2.0NRT,295.15,1.9,N
40.39228,-6.28379,310.21,0.4,0.37,2026-08-19,224,N,VIIRS,n,2.0NRT,296.04,2.01,N
40.39295,-6.28848,324.53,0.4,0.37,2026-08-19,224,N,VIIRS,n,2.0NRT,297,2.01,N
40.39363,-6.2933,310.79,0.4,0.37,2026-08-19,224,N,VIIRS,n,2.0NRT,294.9,1.7,N
40.39435,-6.27392,330.36,0.4,0.37,2026-08-19,224,N,VIIRS,n,2.0NRT,295.24,5.06,N
40.39474,-6.3503,337.44,0.4,0.37,2026-08-19,224,N,VIIRS,n,2.0NRT,296.71,52.16,N
40.39485,-6.32647,319.44,0.4,0.37,2026-08-19,224,N,VIIRS,n,2.0NRT,294.28,2.81,N
40.395,-6.27847,337.75,0.4,0.37,2026-08-19,224,N,VIIRS,n,2.0NRT,298.06,5.06,N
40.39542,-6.35507,331.75,0.4,0.37,2026-08-19,224,N,VIIRS,n,2.0NRT,293.59,52.16,N
40.39741,-6.34455,302.49,0.4,0.37,2026-08-19,224,N,VIIRS,n,2.0NRT,289.93,1.13,N
40.39807,-6.34927,367,0.4,0.37,2026-08-19,224,N,VIIRS,h,2.0NRT,340.69,52.16,N
40.39874,-6.354,334.55,0.4,0.37,2026-08-19,224,N,VIIRS,n,2.0NRT,301.13,52.16,N
40.39885,-6.33021,332.8,0.4,0.37,2026-08-19,224,N,VIIRS,n,2.0NRT,295.71,3.33,N
40.40141,-6.34834,346.48,0.4,0.37,2026-08-19,224,N,VIIRS,n,2.0NRT,295.61,3.48,N
40.40158,-6.32499,334.07,0.4,0.37,2026-08-19,224,N,VIIRS,n,2.0NRT,295.97,4.79,N
40.40207,-6.35296,311.93,0.4,0.37,2026-08-19,224,N,VIIRS,n,2.0NRT,290.61,3.48,N
40.40221,-6.32949,316.07,0.4,0.37,2026-08-19,224,N,VIIRS,n,2.0NRT,296.68,3.33,N
40.40477,-6.34751,309.56,0.4,0.37,2026-08-19,224,N,VIIRS,n,2.0NRT,293.06,3.48,N
40.40541,-6.35209,325.93,0.4,0.37,2026-08-19,224,N,VIIRS,n,2.0NRT,292.17,3.48,N
40.4075,-6.34227,304.78,0.4,0.37,2026-08-19,224,N,VIIRS,n,2.0NRT,293.36,1.66,N
40.40814,-6.34681,309.87,0.4,0.37,2026-08-19,224,N,VIIRS,n,2.0NRT,292.52,1.73,N
40.40878,-6.35136,330.05,0.4,0.37,2026-08-19,224,N,VIIRS,n,2.0NRT,293.27,1.73,N
40.41022,-6.33698,317.25,0.4,0.37,2026-08-19,224,N,VIIRS,n,2.0NRT,294.68,1.66,N
40.41087,-6.34156,324.55,0.4,0.37,2026-08-19,224,N,VIIRS,n,2.0NRT,293.64,1.66,N
40.41151,-6.34613,311.77,0.4,0.37,2026-08-19,224,N,VIIRS,n,2.0NRT,291.96,1.73,N
40.57565,0.54215,307.45,0.49,0.4,2026-08-19,224,N,VIIRS,n,2.0NRT,296.04,1.73,N
40.65913,-4.54032,315.02,0.38,0.36,2026-08-19,224,N,VIIRS,n,2.0NRT,291.03,1.45,N
40.81413,-8.35816,335.43,0.46,0.39,2026-08-19,224,N,VIIRS,n,2.0NRT,293.62,5.24,N
40.8658,-8.17388,307.59,0.45,0.39,2026-08-19,224,N,VIIRS,n,2.0NRT,290.27,20.88,N
40.86649,-8.17942,345.4,0.45,0.39,2026-08-19,224,N,VIIRS,n,2.0NRT,291.46,20.88,N
40.86851,-8.19584,331.38,0.45,0.39,2026-08-19,224,N,VIIRS,n,2.0NRT,293.16,10.31,N
40.86911,-8.20074,342.9,0.45,0.39,2026-08-19,224,N,VIIRS,n,2.0NRT,294.32,10.31,N
40.86942,-8.17343,342.4,0.45,0.39,2026-08-19,224,N,VIIRS,n,2.0NRT,299.64,20.88,N
40.86972,-8.20565,346.79,0.45,0.39,2026-08-19,224,N,VIIRS,n,2.0NRT,295.15,15.1,N
40.87009,-8.1789,353,0.45,0.39,2026-08-19,224,N,VIIRS,n,2.0NRT,299.09,20.88,N
40.87212,-8.19536,328.7,0.45,0.39,2026-08-19,224,N,VIIRS,n,2.0NRT,296.7,10.31,N
40.87238,-8.16784,333.93,0.45,0.39,2026-08-19,224,N,VIIRS,n,2.0NRT,296.25,4.87,N
40.87271,-8.20023,333.34,0.45,0.39,2026-08-19,224,N,VIIRS,n,2.0NRT,293.91,10.31,N
40.87302,-8.17296,332.27,0.45,0.39,2026-08-19,224,N,VIIRS,n,2.0NRT,293.11,8.2,N
40.87369,-8.17836,346.48,0.45,0.39,2026-08-19,224,N,VIIRS,n,2.0NRT,298.55,8.2,N
40.87441,-8.18422,302.89,0.45,0.39,2026-08-19,224,N,VIIRS,n,2.0NRT,291.26,6.36,N
40.8751,-8.18983,304.25,0.45,0.39,2026-08-19,224,N,VIIRS,n,2.0NRT,290.92,6.36,N
40.876,-8.16744,309.51,0.45,0.39,2026-08-19,224,N,VIIRS,n,2.0NRT,292.56,4.87,N
40.87633,-8.19977,347.03,0.45,0.39,2026-08-19,224,N,VIIRS,n,2.0NRT,299.21,21.61,N
40.87664,-8.17257,309.75,0.45,0.39,2026-08-19,224,N,VIIRS,n,2.0NRT,291.96,8.2,N
40.87693,-8.20465,303.67,0.45,0.39,2026-08-19,224,N,VIIRS,n,2.0NRT,291.77,1.66,N
40.87728,-8.17773,315.74,0.45,0.39,2026-08-19,224,N,VIIRS,n,2.0NRT,292.19,8.2,N
40.878,-8.18355,305.38,0.45,0.39,2026-08-19,224,N,VIIRS,n,2.0NRT,291.27,6.36,N
40.87816,-8.21461,343.26,0.45,0.39,2026-08-19,224,N,VIIRS,n,2.0NRT,293.26,12.04,N
40.87871,-8.18931,339.99,0.45,0.39,2026-08-19,224,N,VIIRS,n,2.0NRT,296.02,6.36,N
40.88026,-8.17215,345.72,0.45,0.39,2026-08-19,224,N,VIIRS,n,2.0NRT,293.64,4.24,N
40.88089,-8.17731,322.82,0.45,0.39,2026-08-19,224,N,VIIRS,n,2.0NRT,292.48,4.24,N
40.88229,-8.1886,320.27,0.45,0.39,2026-08-19,224,N,VIIRS,n,2.0NRT,292.13,2.55,N
40.88387,-8.17171,325.7,0.45,0.39,2026-08-19,224,N,VIIRS,n,2.0NRT,291.92,4.24,N
40.88813,-8.17645,311.97,0.45,0.39,2026-08-19,224,N,VIIRS,n,2.0NRT,292.07,1.49,N
40.89593,-8.18022,328.91,0.45,0.39,2026-08-19,224,N,VIIRS,n,2.0NRT,293.07,10.32,N
40.89664,-8.18589,334.67,0.45,0.39,2026-08-19,224,N,VIIRS,n,2.0NRT,292.33,10.32,N
40.89793,-8.19634,307.53,0.45,0.39,2026-08-19,224,N,VIIRS,n,2.0NRT,290.54,1.76,N
40.89855,-8.20133,306.7,0.45,0.39,2026-08-19,224,N,VIIRS,n,2.0NRT,290.46,1.21,N
40.9002,-8.18508,348.32,0.45,0.39,2026-08-19,224,N,VIIRS,n,2.0NRT,297.87,10.32,N
41.16977,-7.25918,354.95,0.43,0.38,2026-08-19,224,N,VIIRS,n,2.0NRT,299.26,10.49,N
41.17038,-7.26381,346.64,0.43,0.38,2026-08-19,224,N,VIIRS,n,2.0NRT,296.6,11.22,N
41.17263,-7.25371,318.73,0.43,0.38,2026-08-19,224,N,VIIRS,n,2.0NRT,295.43,2.56,N
41.17323,-7.25837,333.9,0.43,0.38,2026-08-19,224,N,VIIRS,n,2.0NRT,299.01,2.56,N
41.17383,-7.26293,352.59,0.43,0.38,2026-08-19,224,N,VIIRS,n,2.0NRT,298.25,4.36,N
41.1767,-7.25756,310.78,0.43,0.38,2026-08-19,224,N,VIIRS,n,2.0NRT,294.84,2.56,N
41.1773,-7.26216,303.14,0.43,0.38,2026-08-19,224,N,VIIRS,n,2.0NRT,292.76,4.36,N
41.17954,-7.25196,316.01,0.43,0.38,2026-08-19,224,N,VIIRS,n,2.0NRT,294.84,11.11,N
41.18016,-7.25675,349.19,0.43,0.38,2026-08-19,224,N,VIIRS,n,2.0NRT,302.92,11.11,N
41.18299,-7.25108,352.4,0.43,0.38,2026-08-19,224,N,VIIRS,n,2.0NRT,299.06,11.11,N
41.18362,-7.25589,340.48,0.43,0.38,2026-08-19,224,N,VIIRS,n,2.0NRT,298.6,11.11,N
41.18646,-7.25027,306.16,0.43,0.38,2026-08-19,224,N,VIIRS,n,2.0NRT,294.59,1.97,N
41.19619,-7.24277,304,0.43,0.38,2026-08-19,224,N,VIIRS,n,2.0NRT,293.75,1.52,N
41.1982,-7.23092,332.33,0.43,0.38,2026-08-19,224,N,VIIRS,n,2.0NRT,296.23,2.11,N
41.19894,-7.23651,309.92,0.43,0.38,2026-08-19,224,N,VIIRS,n,2.0NRT,295,1,N
41.19964,-7.24185,305.02,0.43,0.38,2026-08-19,224,N,VIIRS,n,2.0NRT,293.7,1,N
41.20096,-7.22472,306.55,0.43,0.38,2026-08-19,224,N,VIIRS,n,2.0NRT,293.08,2.11,N
41.20167,-7.2301,315.04,0.43,0.38,2026-08-19,224,N,VIIRS,n,2.0NRT,294.09,2.11,N
41.2024,-7.23562,307.68,0.43,0.38,2026-08-19,224,N,VIIRS,n,2.0NRT,294.53,1,N
41.20443,-7.22394,348.61,0.43,0.38,2026-08-19,224,N,VIIRS,n,2.0NRT,298.47,11.82,N
41.20512,-7.22922,353.04,0.43,0.38,2026-08-19,224,N,VIIRS,n,2.0NRT,299.61,11.82,N
41.24826,-7.81788,331.3,0.44,0.39,2026-08-19,224,N,VIIRS,n,2.0NRT,294.66,4.11,N
41.31287,1.66161,311.7,0.53,0.42,2026-08-19,224,N,VIIRS,n,2.0NRT,295.47,1.81,N
41.33159,-8.40804,305.64,0.47,0.39,2026-08-19,224,N,VIIRS,n,2.0NRT,292.41,1.57,N
41.33524,-8.40752,321.33,0.47,0.39,2026-08-19,224,N,VIIRS,n,2.0NRT,293.48,1.57,N
41.33891,-8.40706,317.06,0.47,0.39,2026-08-19,224,N,VIIRS,n,2.0NRT,291.51,2.33,N
41.33956,-8.41249,329.34,0.47,0.4,2026-08-19,224,N,VIIRS,n,2.0NRT,292.27,2.33,N
41.34323,-8.41211,308.19,0.47,0.4,2026-08-19,224,N,VIIRS,n,2.0NRT,292.59,2.33,N
41.34389,-8.41764,304.98,0.47,0.4,2026-08-19,224,N,VIIRS,n,2.0NRT,291.75,1.27,N
41.36858,-8.1312,316.98,0.46,0.39,2026-08-19,224,N,VIIRS,n,2.0NRT,294.71,2.65,N
41.36925,-8.13674,320.18,0.46,0.39,2026-08-19,224,N,VIIRS,n,2.0NRT,294.19,2.65,N
41.40586,1.99539,306.93,0.55,0.42,2026-08-19,224,N,VIIRS,n,2.0NRT,294.86,1.63,N
41.40613,1.9957,307.6,0.54,0.42,2026-08-19,224,N,VIIRS,n,2.0NRT,295.12,1.26,N
41.74089,-7.62858,303.75,0.44,0.39,2026-08-19,224,N,VIIRS,n,2.0NRT,293.33,1.28,N
41.74136,-7.23464,302.27,0.43,0.38,2026-08-19,224,N,VIIRS,n,2.0NRT,291.05,1.06,N
41.74564,-7.63755,301.91,0.44,0.39,2026-08-19,224,N,VIIRS,n,2.0NRT,291.42,1.61,N
41.75377,-7.61544,306.99,0.44,0.39,2026-08-19,224,N,VIIRS,n,2.0NRT,292.31,1.35,N
41.75441,-7.62055,326.53,0.44,0.39,2026-08-19,224,N,VIIRS,n,2.0NRT,298.78,3.5,N
41.75503,-7.62556,310.88,0.44,0.39,2026-08-19,224,N,VIIRS,n,2.0NRT,294.88,3.5,N
41.75565,-7.63049,343.67,0.44,0.39,2026-08-19,224,N,VIIRS,n,2.0NRT,300.26,6.73,N
41.75626,-7.63536,329.54,0.44,0.39,2026-08-19,224,N,VIIRS,n,2.0NRT,292.52,6.73,N
41.75794,-7.61979,323.07,0.44,0.39,2026-08-19,224,N,VIIRS,n,2.0NRT,297.2,2.09,N
41.76147,-7.61899,303.01,0.44,0.39,2026-08-19,224,N,VIIRS,n,2.0NRT,291.85,2.09,N
41.76683,-7.29268,305.67,0.43,0.38,2026-08-19,224,N,VIIRS,n,2.0NRT,290.35,2.42,N
41.7675,-7.29777,327.16,0.43,0.38,2026-08-19,224,N,VIIRS,n,2.0NRT,286.93,2.42,N
41.84025,-8.48632,304.04,0.48,0.4,2026-08-19,224,N,VIIRS,n,2.0NRT,292.65,2.4,N
41.84327,-8.48001,312.82,0.48,0.4,2026-08-19,224,N,VIIRS,n,2.0NRT,294.51,2.85,N
41.84758,-8.48483,303.07,0.48,0.4,2026-08-19,224,N,VIIRS,n,2.0NRT,292.64,2.26,N
41.84822,-8.49038,301.65,0.48,0.4,2026-08-19,224,N,VIIRS,n,2.0NRT,291.61,2.26,N
41.85128,-8.48448,333.58,0.48,0.4,2026-08-19,224,N,VIIRS,n,2.0NRT,293.32,2.26,N
41.85191,-8.48992,318.98,0.48,0.4,2026-08-19,224,N,VIIRS,n,2.0NRT,292.49,2.26,N
41.85497,-8.48402,315.58,0.48,0.4,2026-08-19,224,N,VIIRS,n,2.0NRT,291.17,1.34,N
41.85559,-8.48937,308.95,0.48,0.4,2026-08-19,224,N,VIIRS,n,2.0NRT,290.81,1.34,N
41.92625,0.17878,316.38,0.45,0.39,2026-08-19,224,N,VIIRS,n,2.0NRT,292.84,1.37,N
41.94351,-8.48015,321.32,0.48,0.4,2026-08-19,224,N,VIIRS,n,2.0NRT,290.26,2.22,N
41.94413,-8.48551,302.03,0.48,0.4,2026-08-19,224,N,VIIRS,n,2.0NRT,290.57,2.22,N
41.94715,-8.4792,345.03,0.48,0.4,2026-08-19,224,N,VIIRS,n,2.0NRT,294.75,11.3,N
41.94778,-8.48451,334.54,0.48,0.4,2026-08-19,224,N,VIIRS,n,2.0NRT,292.32,11.3,N
41.98558,-8.51906,302.35,0.48,0.4,2026-08-19,224,N,VIIRS,n,2.0NRT,288.88,1.94,N
41.98929,-8.51864,325.52,0.48,0.4,2026-08-19,224,N,VIIRS,n,2.0NRT,298.6,14.64,N
41.98994,-8.52422,337.23,0.48,0.4,2026-08-19,224,N,VIIRS,n,2.0NRT,295.24,14.64,N
41.9906,-8.52983,344.63,0.48,0.4,2026-08-19,224,N,VIIRS,n,2.0NRT,293.12,13.53,N
41.99232,-8.51246,303.72,0.48,0.4,2026-08-19,224,N,VIIRS,n,2.0NRT,291.18,1.29,N
41.99366,-8.52384,304.83,0.48,0.4,2026-08-19,224,N,VIIRS,n,2.0NRT,291.23,14.64,N
41.99433,-8.52962,350.99,0.48,0.4,2026-08-19,224,N,VIIRS,n,2.0NRT,296.26,13.53,N
41.9967,-8.51772,305.17,0.48,0.4,2026-08-19,224,N,VIIRS,n,2.0NRT,291.05,1.35,N
41.99737,-8.52345,307.24,0.48,0.4,2026-08-19,224,N,VIIRS,n,2.0NRT,290.99,1.35,N
41.99804,-8.5292,330.07,0.48,0.4,2026-08-19,224,N,VIIRS,n,2.0NRT,291.21,3.13,N
42.00039,-8.51716,307.88,0.48,0.4,2026-08-19,224,N,VIIRS,n,2.0NRT,291.32,1.35,N
42.11743,-8.53371,317.74,0.48,0.4,2026-08-19,224,N,VIIRS,n,2.0NRT,292.17,2.51,N
42.12044,-8.52724,305.84,0.48,0.4,2026-08-19,224,N,VIIRS,n,2.0NRT,290.53,1.47,N
42.1211,-8.53288,321.97,0.48,0.4,2026-08-19,224,N,VIIRS,n,2.0NRT,292.47,3.04,N
42.12411,-8.52644,309.06,0.48,0.4,2026-08-19,224,N,VIIRS,n,2.0NRT,291.76,1.47,N
42.12477,-8.53208,318.35,0.48,0.4,2026-08-19,224,N,VIIRS,n,2.0NRT,293.38,3.04,N
42.1278,-8.52575,304.41,0.48,0.4,2026-08-19,224,N,VIIRS,n,2.0NRT,292.6,1.04,N
42.81544,-1.74169,304.17,0.4,0.37,2026-08-19,224,N,VIIRS,n,2.0NRT,290.67,1.38,N
35.33847,1.3581,305.11,0.45,0.47,2026-08-19,226,N,VIIRS,n,2.0NRT,292.54,1.55,N
35.46135,-0.39816,307.86,0.55,0.43,2026-08-19,226,N,VIIRS,n,2.0NRT,296.13,0.93,N
35.78219,0.53813,311.78,0.4,0.44,2026-08-19,226,N,VIIRS,n,2.0NRT,298.17,2,N
35.80424,-0.24119,308.36,0.55,0.43,2026-08-19,226,N,VIIRS,n,2.0NRT,297.3,2.37,N
35.80745,-0.25874,322.73,0.55,0.43,2026-08-19,226,N,VIIRS,n,2.0NRT,296.97,1.65,N
35.8079,-0.25915,322.27,0.55,0.43,2026-08-19,226,N,VIIRS,n,2.0NRT,297.25,3.56,N
35.80996,-0.2707,306.08,0.55,0.43,2026-08-19,226,N,VIIRS,n,2.0NRT,295.94,4.24,N
35.81034,-0.27113,311.84,0.55,0.43,2026-08-19,226,N,VIIRS,n,2.0NRT,296.25,2.51,N
35.81127,-0.25745,307.16,0.55,0.43,2026-08-19,226,N,VIIRS,n,2.0NRT,296.74,1.65,N
35.81377,-0.26938,339.24,0.55,0.43,2026-08-19,226,N,VIIRS,n,2.0NRT,297.99,4.24,N
36.01752,0.12542,307.9,0.57,0.43,2026-08-19,226,N,VIIRS,n,2.0NRT,296.23,2.8,N
36.71474,-4.33032,309.52,0.39,0.36,2026-08-19,226,N,VIIRS,n,2.0NRT,297.47,1.69,N
37.18171,-6.89722,319.73,0.39,0.36,2026-08-19,226,N,VIIRS,n,2.0NRT,295.39,2.21,N
35.80982,-0.25643,330.19,0.7,0.75,2026-08-19,1204,N,VIIRS,n,2.0NRT,297.23,4.69,D
35.81179,-0.27439,340.23,0.7,0.75,2026-08-19,1204,N,VIIRS,n,2.0NRT,297.55,3.58,D
35.81221,-0.27185,335.32,0.7,0.75,2026-08-19,1204,N,VIIRS,n,2.0NRT,298.07,12.57,D
36.68006,3.12313,334.9,0.45,0.63,2026-08-19,1204,N,VIIRS,n,2.0NRT,305.52,3.02,D
36.71239,4.64726,367,0.37,0.58,2026-08-19,1204,N,VIIRS,h,2.0NRT,308.89,8.08,D
36.79412,4.44429,343.95,0.38,0.59,2026-08-19,1204,N,VIIRS,n,2.0NRT,303.98,3.39,D
40.24371,-3.47559,309.14,0.78,0.78,2026-08-19,102,N20,VIIRS,n,2.0NRT,292.9,2.58,N
43.18817,0.98824,300.72,0.47,0.64,2026-08-19,102,N20,VIIRS,n,2.0NRT,290.67,0.68,N
43.43222,4.8947,297.91,0.6,0.53,2026-08-19,102,N20,VIIRS,n,2.0NRT,280.73,0.76,N
43.43269,4.8872,301.42,0.6,0.53,2026-08-19,102,N20,VIIRS,n,2.0NRT,280.62,0.99,N
43.44693,4.89654,306.61,0.6,0.53,2026-08-19,102,N20,VIIRS,n,2.0NRT,284.74,1.53,N
35.34236,1.35401,307.42,0.39,0.6,2026-08-19,105,N20,VIIRS,n,2.0NRT,292.13,1.05,N
35.71022,4.47463,312.54,0.53,0.5,2026-08-19,105,N20,VIIRS,n,2.0NRT,295.97,1.83,N
35.80764,-0.34649,306.69,0.5,0.66,2026-08-19,105,N20,VIIRS,n,2.0NRT,295.68,1.4,N
35.80975,-0.25905,334.25,0.49,0.65,2026-08-19,105,N20,VIIRS,n,2.0NRT,296.85,3.85,N
35.81631,-0.26984,311.74,0.49,0.65,2026-08-19,105,N20,VIIRS,n,2.0NRT,296.62,2.46,N
35.81655,-0.27504,330.64,0.49,0.65,2026-08-19,105,N20,VIIRS,n,2.0NRT,296.18,2.96,N
35.8168,-0.28053,316.03,0.49,0.65,2026-08-19,105,N20,VIIRS,n,2.0NRT,295.57,2.96,N
35.87838,4.44848,312.15,0.53,0.5,2026-08-19,105,N20,VIIRS,n,2.0NRT,296.85,1.16,N
35.87979,4.44725,314.55,0.53,0.5,2026-08-19,105,N20,VIIRS,n,2.0NRT,297.37,2.73,N
36.12988,1.23924,317.3,0.41,0.6,2026-08-19,105,N20,VIIRS,n,2.0NRT,298.21,2.14,N
36.13948,2.92678,313.09,0.33,0.55,2026-08-19,105,N20,VIIRS,n,2.0NRT,291.97,0.86,N
36.18007,3.74732,315.38,0.59,0.53,2026-08-19,105,N20,VIIRS,n,2.0NRT,294.73,2.84,N
36.56112,3.6647,307.18,0.6,0.53,2026-08-19,105,N20,VIIRS,n,2.0NRT,295.79,3.68,N
36.59681,2.87843,312.5,0.33,0.55,2026-08-19,105,N20,VIIRS,n,2.0NRT,296.24,0.9,N
36.59707,2.87468,308.82,0.33,0.55,2026-08-19,105,N20,VIIRS,n,2.0NRT,294.32,0.9,N
36.59882,3.13488,315.24,0.32,0.55,2026-08-19,105,N20,VIIRS,n,2.0NRT,297.06,1.78,N
36.68029,3.12177,317.09,0.32,0.55,2026-08-19,105,N20,VIIRS,n,2.0NRT,298.21,1.87,N
36.74808,3.08076,314.99,0.32,0.55,2026-08-19,105,N20,VIIRS,n,2.0NRT,297.54,1.15,N
37.57241,-0.92255,305.87,0.55,0.68,2026-08-19,105,N20,VIIRS,n,2.0NRT,295.16,1.76,N
41.31389,1.66449,307.24,0.36,0.57,2026-08-19,241,N20,VIIRS,n,2.0NRT,293.7,1.24,N
41.31496,1.66054,304.72,0.36,0.57,2026-08-19,241,N20,VIIRS,n,2.0NRT,293.12,1.31,N
41.74084,-7.23412,305.07,0.43,0.38,2026-08-19,241,N20,VIIRS,n,2.0NRT,291.85,0.75,N
41.77,-7.29378,330.83,0.43,0.38,2026-08-19,241,N20,VIIRS,n,2.0NRT,293.45,4.53,N
41.94897,-8.48052,319.09,0.4,0.37,2026-08-19,241,N20,VIIRS,n,2.0NRT,291.33,1.52,N
41.94983,-8.48542,325.8,0.4,0.37,2026-08-19,241,N20,VIIRS,n,2.0NRT,290.23,1.52,N
41.98769,-8.52274,331.16,0.4,0.37,2026-08-19,241,N20,VIIRS,n,2.0NRT,290.7,3.87,N
41.98852,-8.52753,307.23,0.4,0.37,2026-08-19,241,N20,VIIRS,n,2.0NRT,290.76,0.96,N
41.99014,-8.51681,307.28,0.4,0.37,2026-08-19,241,N20,VIIRS,n,2.0NRT,292.6,9.95,N
41.99096,-8.52156,346.71,0.4,0.37,2026-08-19,241,N20,VIIRS,n,2.0NRT,300.6,9.95,N
41.99179,-8.52631,313.6,0.4,0.37,2026-08-19,241,N20,VIIRS,n,2.0NRT,293.33,7.59,N
41.9926,-8.51094,302.56,0.4,0.37,2026-08-19,241,N20,VIIRS,n,2.0NRT,291.76,0.61,N
41.99262,-8.53106,335.51,0.4,0.37,2026-08-19,241,N20,VIIRS,n,2.0NRT,294.97,7.59,N
41.99506,-8.5251,315.8,0.4,0.37,2026-08-19,241,N20,VIIRS,n,2.0NRT,292.3,7.59,N
41.99588,-8.52982,353.18,0.4,0.37,2026-08-19,241,N20,VIIRS,n,2.0NRT,295.68,7.59,N
41.99753,-8.51927,308.97,0.4,0.37,2026-08-19,241,N20,VIIRS,n,2.0NRT,291.93,0.78,N
41.99917,-8.50868,302.53,0.4,0.37,2026-08-19,241,N20,VIIRS,n,2.0NRT,290.92,1.05,N
42,-8.51344,305.34,0.4,0.37,2026-08-19,241,N20,VIIRS,n,2.0NRT,291.04,0.78,N
42.00081,-8.51814,302.41,0.4,0.37,2026-08-19,241,N20,VIIRS,n,2.0NRT,291.17,0.78,N
42.11692,-8.5341,301.53,0.4,0.37,2026-08-19,241,N20,VIIRS,n,2.0NRT,291.02,1.13,N
42.12023,-8.53308,317.12,0.4,0.37,2026-08-19,241,N20,VIIRS,n,2.0NRT,293.28,1.13,N
42.12271,-8.5273,318.66,0.4,0.37,2026-08-19,241,N20,VIIRS,n,2.0NRT,292.37,1.1,N
42.12352,-8.53204,306.99,0.4,0.37,2026-08-19,241,N20,VIIRS,n,2.0NRT,292.57,1.1,N
42.126,-8.52623,305.15,0.4,0.37,2026-08-19,241,N20,VIIRS,n,2.0NRT,293.35,1.1,N
42.12682,-8.531,305.82,0.4,0.37,2026-08-19,241,N20,VIIRS,n,2.0NRT,292.88,1.1,N
42.552,-6.77042,301.63,0.43,0.38,2026-08-19,241,N20,VIIRS,n,2.0NRT,289.96,0.59,N
42.8264,-0.87927,330.66,0.49,0.49,2026-08-19,241,N20,VIIRS,n,2.0NRT,295.28,4.51,N
42.82783,-0.88512,303.73,0.49,0.49,2026-08-19,241,N20,VIIRS,n,2.0NRT,291.75,2.07,N
42.83098,-0.87859,310.56,0.49,0.49,2026-08-19,241,N20,VIIRS,n,2.0NRT,290.51,0.84,N
43.34686,-8.43719,312.91,0.39,0.36,2026-08-19,241,N20,VIIRS,n,2.0NRT,290.97,1.41,N
35.33993,1.354,301.61,0.51,0.66,2026-08-19,243,N20,VIIRS,n,2.0NRT,290.35,0.69,N
35.3418,1.35645,300.6,0.51,0.66,2026-08-19,243,N20,VIIRS,n,2.0NRT,290.07,0.57,N
35.45897,-0.39617,310.62,0.4,0.6,2026-08-19,243,N20,VIIRS,n,2.0NRT,295.6,0.98,N
35.4601,-0.39642,311.86,0.4,0.6,2026-08-19,243,N20,VIIRS,n,2.0NRT,295.83,1.12,N
35.7718,-0.21872,306.79,0.4,0.6,2026-08-19,243,N20,VIIRS,n,2.0NRT,294.22,0.49,N
35.77196,-0.22135,306.82,0.4,0.6,2026-08-19,243,N20,VIIRS,n,2.0NRT,294,0.83,N
35.81036,-0.25344,306.87,0.4,0.6,2026-08-19,243,N20,VIIRS,n,2.0NRT,295.82,1.58,N
35.81146,-0.25757,324.99,0.4,0.6,2026-08-19,243,N20,VIIRS,n,2.0NRT,295.96,1.58,N
35.81373,-0.26607,306.78,0.4,0.6,2026-08-19,243,N20,VIIRS,n,2.0NRT,295.59,4.47,N
35.81488,-0.27038,367,0.4,0.6,2026-08-19,243,N20,VIIRS,h,2.0NRT,296.19,6.57,N
35.87908,4.44679,312.07,0.71,0.75,2026-08-19,243,N20,VIIRS,n,2.0NRT,294.17,2.06,N
35.88027,4.4482,306.54,0.71,0.75,2026-08-19,243,N20,VIIRS,n,2.0NRT,293.61,1.07,N
36.13003,1.24186,316.56,0.47,0.64,2026-08-19,243,N20,VIIRS,n,2.0NRT,298.01,2.78,N
36.13135,1.23919,309.22,0.47,0.64,2026-08-19,243,N20,VIIRS,n,2.0NRT,296.55,2.54,N
36.14242,2.92737,301.44,0.58,0.7,2026-08-19,243,N20,VIIRS,n,2.0NRT,290.97,0.51,N
36.17774,3.74604,315.61,0.64,0.72,2026-08-19,243,N20,VIIRS,n,2.0NRT,292.37,2.81,N
36.18359,3.74556,309.43,0.64,0.72,2026-08-19,243,N20,VIIRS,n,2.0NRT,290.35,2.64,N
36.59722,2.87753,310.15,0.56,0.69,2026-08-19,243,N20,VIIRS,n,2.0NRT,293.3,0.99,N
36.59962,3.70459,309.43,0.62,0.71,2026-08-19,243,N20,VIIRS,n,2.0NRT,296.04,3.38,N
36.62987,3.23006,307.31,0.58,0.7,2026-08-19,243,N20,VIIRS,n,2.0NRT,295.51,1.41,N
36.68231,3.12341,313.53,0.57,0.69,2026-08-19,243,N20,VIIRS,n,2.0NRT,296.24,2.07,N
36.71444,-4.33314,306.86,0.46,0.47,2026-08-19,243,N20,VIIRS,n,2.0NRT,295.97,1.63,N
38.37654,-0.54521,313.17,0.33,0.55,2026-08-19,243,N20,VIIRS,n,2.0NRT,295.41,1.09,N
38.40325,-5.82392,316.58,0.54,0.42,2026-08-19,243,N20,VIIRS,n,2.0NRT,293.01,1.89,N
38.50302,-8.93549,303.1,0.42,0.37,2026-08-19,243,N20,VIIRS,n,2.0NRT,292.12,0.71,N
38.92089,-9.01266,322.81,0.41,0.37,2026-08-19,243,N20,VIIRS,n,2.0NRT,294.89,1.75,N
39.93922,-3.74642,304.98,0.42,0.45,2026-08-19,243,N20,VIIRS,n,2.0NRT,294.51,1.43,N
40.10028,-6.36237,339.91,0.48,0.4,2026-08-19,243,N20,VIIRS,n,2.0NRT,298.11,4.65,N
40.10139,-6.36786,320.17,0.48,0.4,2026-08-19,243,N20,VIIRS,n,2.0NRT,298.56,4.65,N
40.10249,-6.37334,338.07,0.48,0.4,2026-08-19,243,N20,VIIRS,n,2.0NRT,297.57,7.75,N
40.10276,-6.35568,353.75,0.48,0.4,2026-08-19,243,N20,VIIRS,n,2.0NRT,302.33,29.04,N
40.10387,-6.36123,336.34,0.48,0.4,2026-08-19,243,N20,VIIRS,n,2.0NRT,298.57,4.65,N
40.10499,-6.36674,315.8,0.48,0.4,2026-08-19,243,N20,VIIRS,n,2.0NRT,297.5,4.65,N
40.10526,-6.34905,308.17,0.48,0.4,2026-08-19,243,N20,VIIRS,n,2.0NRT,295.17,12.6,N
40.10609,-6.37222,338.47,0.48,0.4,2026-08-19,243,N20,VIIRS,n,2.0NRT,298.19,7.75,N
40.10635,-6.35453,351.72,0.48,0.4,2026-08-19,243,N20,VIIRS,n,2.0NRT,302.71,12.6,N
40.10747,-6.36008,317.99,0.48,0.4,2026-08-19,243,N20,VIIRS,n,2.0NRT,296.69,3.58,N
40.10859,-6.36561,315.82,0.48,0.4,2026-08-19,243,N20,VIIRS,n,2.0NRT,296.48,3.58,N
40.10969,-6.37109,343.44,0.48,0.4,2026-08-19,243,N20,VIIRS,n,2.0NRT,298.2,5.72,N
40.11106,-6.35892,306.42,0.48,0.4,2026-08-19,243,N20,VIIRS,n,2.0NRT,296.14,3.58,N
40.11218,-6.36448,337.61,0.48,0.4,2026-08-19,243,N20,VIIRS,n,2.0NRT,298.23,3.58,N
40.11328,-6.36995,314.18,0.48,0.4,2026-08-19,243,N20,VIIRS,n,2.0NRT,294.59,5.72,N
40.11466,-6.35776,312.87,0.48,0.4,2026-08-19,243,N20,VIIRS,n,2.0NRT,296.16,5.49,N
40.11577,-6.36331,346.63,0.48,0.4,2026-08-19,243,N20,VIIRS,n,2.0NRT,300.55,5.49,N
40.11686,-6.36877,306.06,0.48,0.4,2026-08-19,243,N20,VIIRS,n,2.0NRT,293,3.91,N
40.11936,-6.36215,326.89,0.48,0.4,2026-08-19,243,N20,VIIRS,n,2.0NRT,296.37,5.49,N
40.12183,-6.3554,315.98,0.48,0.4,2026-08-19,243,N20,VIIRS,n,2.0NRT,294.72,2.28,N
40.24334,-3.47431,329.45,0.43,0.46,2026-08-19,243,N20,VIIRS,n,2.0NRT,296.12,4.75,N
40.2871,-8.41883,303.49,0.41,0.37,2026-08-19,243,N20,VIIRS,n,2.0NRT,292.13,0.83,N
40.36667,-6.35798,311.23,0.48,0.4,2026-08-19,243,N20,VIIRS,n,2.0NRT,296.52,3.75,N
40.36775,-6.36341,329.33,0.48,0.4,2026-08-19,243,N20,VIIRS,n,2.0NRT,294.95,3.74,N
40.37027,-6.35696,327.55,0.48,0.4,2026-08-19,243,N20,VIIRS,n,2.0NRT,297.04,3.75,N
40.37134,-6.36233,324.46,0.48,0.4,2026-08-19,243,N20,VIIRS,n,2.0NRT,294.26,3.74,N
40.37493,-6.36124,335.95,0.48,0.4,2026-08-19,243,N20,VIIRS,n,2.0NRT,296.22,3.77,N
40.37685,-6.27488,343.14,0.48,0.4,2026-08-19,243,N20,VIIRS,n,2.0NRT,299.12,16.09,N
40.37746,-6.3548,308.17,0.48,0.4,2026-08-19,243,N20,VIIRS,n,2.0NRT,295.15,3.19,N
40.37805,-6.28092,306.83,0.48,0.4,2026-08-19,243,N20,VIIRS,n,2.0NRT,293.88,1.18,N
40.37851,-6.36014,315.31,0.48,0.4,2026-08-19,243,N20,VIIRS,n,2.0NRT,294.44,3.77,N
40.38495,-6.27721,318.56,0.48,0.4,2026-08-19,243,N20,VIIRS,n,2.0NRT,295.34,4.35,N
40.38589,-6.30124,308.87,0.48,0.4,2026-08-19,243,N20,VIIRS,n,2.0NRT,294.47,2.59,N
40.38721,-6.26931,304.77,0.48,0.4,2026-08-19,243,N20,VIIRS,n,2.0NRT,294.29,2.28,N
40.38842,-6.2754,353.94,0.48,0.4,2026-08-19,243,N20,VIIRS,n,2.0NRT,301.67,7.03,N
40.38961,-6.28148,309.99,0.48,0.4,2026-08-19,243,N20,VIIRS,n,2.0NRT,295.98,7.03,N
40.39076,-6.26793,305.98,0.48,0.4,2026-08-19,243,N20,VIIRS,n,2.0NRT,293.95,2.28,N
40.39148,-6.31019,320.51,0.48,0.4,2026-08-19,243,N20,VIIRS,n,2.0NRT,294.58,3,N
40.39194,-6.27394,346.46,0.48,0.4,2026-08-19,243,N20,VIIRS,n,2.0NRT,298.08,7.03,N
40.39208,-6.35184,308.1,0.48,0.4,2026-08-19,243,N20,VIIRS,n,2.0NRT,294.47,3.07,N
40.39279,-6.29755,320.79,0.48,0.4,2026-08-19,243,N20,VIIRS,n,2.0NRT,295.05,2.13,N
40.39312,-6.27988,312.47,0.48,0.4,2026-08-19,243,N20,VIIRS,n,2.0NRT,295.98,7.03,N
40.3942,-6.28537,327.67,0.48,0.4,2026-08-19,243,N20,VIIRS,n,2.0NRT,296.86,5.4,N
40.39473,-6.34602,305.53,0.48,0.4,2026-08-19,243,N20,VIIRS,n,2.0NRT,292.47,51.51,N
40.39495,-6.30852,305.2,0.48,0.4,2026-08-19,243,N20,VIIRS,n,2.0NRT,293.77,1.2,N
40.39549,-6.27255,325.68,0.48,0.4,2026-08-19,243,N20,VIIRS,n,2.0NRT,294.68,1.82,N
40.39579,-6.35138,342.38,0.48,0.4,2026-08-19,243,N20,VIIRS,n,2.0NRT,297.49,51.51,N
40.39628,-6.29588,317.87,0.48,0.4,2026-08-19,243,N20,VIIRS,n,2.0NRT,293.68,2.13,N
40.39663,-6.27838,314.03,0.48,0.4,2026-08-19,243,N20,VIIRS,n,2.0NRT,294.21,1.82,N
40.39835,-6.32574,308.11,0.48,0.4,2026-08-19,243,N20,VIIRS,n,2.0NRT,293.83,2.45,N
40.39836,-6.34517,330.58,0.48,0.4,2026-08-19,243,N20,VIIRS,n,2.0NRT,296.48,51.51,N
40.39944,-6.35065,367,0.48,0.4,2026-08-19,243,N20,VIIRS,h,2.0NRT,330.37,51.51,N
40.39957,-6.33194,303.54,0.48,0.4,2026-08-19,243,N20,VIIRS,n,2.0NRT,292.37,1.62,N
40.40054,-6.35624,301.18,0.48,0.4,2026-08-19,243,N20,VIIRS,n,2.0NRT,290.47,2.19,N
40.40188,-6.32437,330.85,0.48,0.4,2026-08-19,243,N20,VIIRS,n,2.0NRT,295.02,2.45,N
40.40192,-6.34395,307.19,0.48,0.4,2026-08-19,243,N20,VIIRS,n,2.0NRT,291.77,2.17,N
40.40307,-6.34978,331.69,0.48,0.4,2026-08-19,243,N20,VIIRS,n,2.0NRT,291.79,2.17,N
40.40307,-6.3304,307.42,0.48,0.4,2026-08-19,243,N20,VIIRS,n,2.0NRT,295.13,1.62,N
40.4066,-6.34841,314.93,0.48,0.4,2026-08-19,243,N20,VIIRS,n,2.0NRT,291.89,2.17,N
40.40895,-6.34096,314.79,0.48,0.4,2026-08-19,243,N20,VIIRS,n,2.0NRT,293.64,2.36,N
40.4101,-6.34682,337.02,0.48,0.4,2026-08-19,243,N20,VIIRS,n,2.0NRT,293.5,2.36,N
40.41248,-6.33957,307.4,0.48,0.4,2026-08-19,243,N20,VIIRS,n,2.0NRT,292.25,2.36,N
40.66064,-4.53819,307.9,0.56,0.43,2026-08-19,243,N20,VIIRS,n,2.0NRT,289.5,1.56,N
40.81591,-8.35687,337.01,0.41,0.37,2026-08-19,243,N20,VIIRS,n,2.0NRT,293.69,4.48,N
40.86703,-8.16954,318.4,0.41,0.37,2026-08-19,243,N20,VIIRS,n,2.0NRT,291.25,14.73,N
40.8679,-8.17441,339.11,0.41,0.37,2026-08-19,243,N20,VIIRS,n,2.0NRT,300.13,14.73,N
40.86875,-8.17912,332.49,0.41,0.37,2026-08-19,243,N20,VIIRS,n,2.0NRT,298.61,30.05,N
40.86886,-8.19947,324.94,0.41,0.37,2026-08-19,243,N20,VIIRS,n,2.0NRT,293.6,10.78,N
40.86977,-8.20456,349.63,0.41,0.37,2026-08-19,243,N20,VIIRS,n,2.0NRT,297.96,10.78,N
40.87035,-8.16828,325.18,0.41,0.37,2026-08-19,243,N20,VIIRS,n,2.0NRT,294.03,7,N
40.87122,-8.17317,336.36,0.41,0.37,2026-08-19,243,N20,VIIRS,n,2.0NRT,295.49,7,N
40.87127,-8.19315,328.25,0.41,0.37,2026-08-19,243,N20,VIIRS,n,2.0NRT,293,6.53,N
40.87208,-8.17793,352.63,0.41,0.37,2026-08-19,243,N20,VIIRS,n,2.0NRT,298.13,16.04,N
40.87218,-8.19822,341.16,0.41,0.37,2026-08-19,243,N20,VIIRS,n,2.0NRT,296.22,10.78,N
40.87366,-8.16696,337.62,0.41,0.37,2026-08-19,243,N20,VIIRS,n,2.0NRT,295.45,7,N
40.87437,-8.16982,332.22,0.41,0.37,2026-08-19,243,N20,VIIRS,n,2.0NRT,294.47,10.47,N
40.87455,-8.17191,307.79,0.41,0.37,2026-08-19,243,N20,VIIRS,n,2.0NRT,291.35,7,N
40.87526,-8.17471,316.81,0.41,0.37,2026-08-19,243,N20,VIIRS,n,2.0NRT,300.16,10.47,N
40.87542,-8.17678,353.46,0.41,0.37,2026-08-19,243,N20,VIIRS,n,2.0NRT,297.94,16.04,N
40.87549,-8.19694,333.17,0.41,0.37,2026-08-19,243,N20,VIIRS,n,2.0NRT,302.87,12.19,N
40.87613,-8.17948,332.76,0.41,0.37,2026-08-19,243,N20,VIIRS,n,2.0NRT,292.92,10.6,N
40.8764,-8.20205,332.19,0.41,0.37,2026-08-19,243,N20,VIIRS,n,2.0NRT,292.67,12.19,N
40.87695,-8.18401,327.7,0.41,0.37,2026-08-19,243,N20,VIIRS,n,2.0NRT,293.73,10.6,N
40.87706,-8.18591,345.1,0.41,0.37,2026-08-19,243,N20,VIIRS,n,2.0NRT,296.75,6.58,N
40.87767,-8.16851,303.18,0.41,0.37,2026-08-19,243,N20,VIIRS,n,2.0NRT,292.03,10.47,N
40.87777,-8.18855,344.19,0.41,0.37,2026-08-19,243,N20,VIIRS,n,2.0NRT,295.67,9.81,N
40.87791,-8.19067,307.16,0.41,0.37,2026-08-19,243,N20,VIIRS,n,2.0NRT,290.96,6.58,N
40.8782,-8.21215,310.91,0.41,0.37,2026-08-19,243,N20,VIIRS,n,2.0NRT,291.35,3.68,N
40.87857,-8.17344,325.52,0.41,0.37,2026-08-19,243,N20,VIIRS,n,2.0NRT,293.73,10.47,N
40.8788,-8.19568,309.31,0.41,0.37,2026-08-19,243,N20,VIIRS,n,2.0NRT,292.13,12.19,N
40.87909,-8.21713,328.11,0.41,0.37,2026-08-19,243,N20,VIIRS,n,2.0NRT,290.54,4.14,N
40.87947,-8.17838,330.9,0.41,0.37,2026-08-19,243,N20,VIIRS,n,2.0NRT,291.43,10.6,N
40.87962,-8.19859,303.26,0.41,0.37,2026-08-19,243,N20,VIIRS,n,2.0NRT,291.7,0.69,N
40.87972,-8.20079,307.3,0.41,0.37,2026-08-19,243,N20,VIIRS,n,2.0NRT,291.61,12.19,N
40.88112,-8.18749,345.99,0.41,0.37,2026-08-19,243,N20,VIIRS,n,2.0NRT,297.73,9.81,N
40.88188,-8.17216,327.65,0.41,0.37,2026-08-19,243,N20,VIIRS,n,2.0NRT,292.9,2.65,N
40.88202,-8.19239,309.99,0.41,0.37,2026-08-19,243,N20,VIIRS,n,2.0NRT,291.47,9.81,N
40.88519,-8.17094,329.98,0.41,0.37,2026-08-19,243,N20,VIIRS,n,2.0NRT,293.08,2.65,N
40.88607,-8.17576,326.58,0.41,0.37,2026-08-19,243,N20,VIIRS,n,2.0NRT,292.93,3.75,N
40.88942,-8.17467,311.22,0.41,0.37,2026-08-19,243,N20,VIIRS,n,2.0NRT,291.91,0.94,N
40.89029,-8.17946,305.45,0.41,0.37,2026-08-19,243,N20,VIIRS,n,2.0NRT,291.97,0.94,N
40.89366,-8.17847,307.57,0.41,0.37,2026-08-19,243,N20,VIIRS,n,2.0NRT,291.9,0.94,N
40.8945,-8.18314,304.21,0.41,0.37,2026-08-19,243,N20,VIIRS,n,2.0NRT,291.39,1.11,N
40.89702,-8.17748,324.21,0.41,0.37,2026-08-19,243,N20,VIIRS,n,2.0NRT,292.28,1.85,N
40.89714,-8.19766,317.01,0.41,0.37,2026-08-19,243,N20,VIIRS,n,2.0NRT,291.09,1.38,N
40.89786,-8.18212,342.71,0.41,0.37,2026-08-19,243,N20,VIIRS,n,2.0NRT,298.9,7.95,N
40.8987,-8.18677,345.84,0.41,0.37,2026-08-19,243,N20,VIIRS,n,2.0NRT,294.51,7.95,N
40.90049,-8.19662,305.29,0.41,0.37,2026-08-19,243,N20,VIIRS,n,2.0NRT,290.26,0.56,N
40.90121,-8.18109,317.32,0.41,0.37,2026-08-19,243,N20,VIIRS,n,2.0NRT,291.04,7.95,N
40.90206,-8.18578,304.27,0.41,0.37,2026-08-19,243,N20,VIIRS,n,2.0NRT,290.46,7.95,N
41.17065,-7.25446,308.92,0.43,0.38,2026-08-19,243,N20,VIIRS,n,2.0NRT,294.57,6.41,N
41.17173,-7.26016,351.31,0.43,0.38,2026-08-19,243,N20,VIIRS,n,2.0NRT,300.7,6.41,N
41.17278,-7.26567,329.4,0.43,0.38,2026-08-19,243,N20,VIIRS,n,2.0NRT,291.68,5.11,N
41.17408,-7.2534,310.35,0.43,0.38,2026-08-19,243,N20,VIIRS,n,2.0NRT,294.97,1.17,N
41.17514,-7.25897,318.26,0.43,0.38,2026-08-19,243,N20,VIIRS,n,2.0NRT,295.91,1.17,N
41.1762,-7.26456,307.58,0.43,0.38,2026-08-19,243,N20,VIIRS,n,2.0NRT,292.16,0.73,N
41.17752,-7.25233,305.39,0.43,0.38,2026-08-19,243,N20,VIIRS,n,2.0NRT,294.7,1.17,N
41.17856,-7.25782,308.87,0.43,0.38,2026-08-19,243,N20,VIIRS,n,2.0NRT,293.64,1.17,N
41.18097,-7.25134,328.16,0.43,0.38,2026-08-19,243,N20,VIIRS,n,2.0NRT,296.08,5.75,N
41.18198,-7.25669,346.67,0.43,0.38,2026-08-19,243,N20,VIIRS,n,2.0NRT,299.45,5.75,N
41.18439,-7.25024,337.89,0.43,0.38,2026-08-19,243,N20,VIIRS,n,2.0NRT,297.34,5.75,N
41.18542,-7.25562,317.02,0.43,0.38,2026-08-19,243,N20,VIIRS,n,2.0NRT,294.68,5.75,N
41.19717,-7.24087,306.4,0.43,0.38,2026-08-19,243,N20,VIIRS,n,2.0NRT,293.77,1.71,N
41.19797,-7.22579,310.25,0.43,0.38,2026-08-19,243,N20,VIIRS,n,2.0NRT,293.73,2.62,N
41.19885,-7.23049,336.89,0.43,0.38,2026-08-19,243,N20,VIIRS,n,2.0NRT,296.24,2.62,N
41.19972,-7.23511,312.31,0.43,0.38,2026-08-19,243,N20,VIIRS,n,2.0NRT,294.89,1.09,N
41.20061,-7.23984,311.26,0.43,0.38,2026-08-19,243,N20,VIIRS,n,2.0NRT,293.98,1.09,N
41.20228,-7.22942,315.66,0.43,0.38,2026-08-19,243,N20,VIIRS,n,2.0NRT,293.99,2.62,N
41.20316,-7.23407,306.05,0.43,0.38,2026-08-19,243,N20,VIIRS,n,2.0NRT,294.23,1.09,N
41.20481,-7.22352,343.03,0.43,0.38,2026-08-19,243,N20,VIIRS,n,2.0NRT,298.6,10.3,N
41.20572,-7.22838,355.1,0.43,0.38,2026-08-19,243,N20,VIIRS,n,2.0NRT,298.18,10.3,N
41.24693,-7.81401,302.78,0.42,0.37,2026-08-19,243,N20,VIIRS,n,2.0NRT,292.29,1.25,N
41.2503,-7.81295,324.91,0.42,0.37,2026-08-19,243,N20,VIIRS,n,2.0NRT,293.94,1.25,N
41.2506,-7.817,331.3,0.42,0.37,2026-08-19,243,N20,VIIRS,n,2.0NRT,294.54,2.55,N
41.25119,-7.81785,306.22,0.42,0.37,2026-08-19,243,N20,VIIRS,n,2.0NRT,293.03,1.25,N
41.33178,-8.40632,305.9,0.4,0.37,2026-08-19,243,N20,VIIRS,n,2.0NRT,292.29,1.15,N
41.33508,-8.40515,310.93,0.4,0.37,2026-08-19,243,N20,VIIRS,n,2.0NRT,293.33,1.15,N
41.33839,-8.40401,311.84,0.4,0.37,2026-08-19,243,N20,VIIRS,n,2.0NRT,291.1,1.76,N
41.33923,-8.40875,314.04,0.4,0.37,2026-08-19,243,N20,VIIRS,n,2.0NRT,292.16,1.76,N
41.34007,-8.41353,328.35,0.4,0.37,2026-08-19,243,N20,VIIRS,n,2.0NRT,291.43,1.68,N
41.34252,-8.40754,318.65,0.4,0.37,2026-08-19,243,N20,VIIRS,n,2.0NRT,292.49,1.76,N
41.34336,-8.41231,321.4,0.4,0.37,2026-08-19,243,N20,VIIRS,n,2.0NRT,293.26,1.68,N
41.3442,-8.41706,303.32,0.4,0.37,2026-08-19,243,N20,VIIRS,n,2.0NRT,292.79,1.68,N
41.36838,-8.13269,333.23,0.41,0.37,2026-08-19,243,N20,VIIRS,n,2.0NRT,296.12,3.68,N
41.36924,-8.13744,302.19,0.41,0.37,2026-08-19,243,N20,VIIRS,n,2.0NRT,291.59,0.98,N
41.37173,-8.13168,314.12,0.41,0.37,2026-08-19,243,N20,VIIRS,n,2.0NRT,293.32,1.8,N
41.74723,-7.63382,299.98,0.42,0.37,2026-08-19,243,N20,VIIRS,n,2.0NRT,289.49,0.55,N
41.75448,-7.61484,301.39,0.42,0.37,2026-08-19,243,N20,VIIRS,n,2.0NRT,291.01,1.38,N
41.7554,-7.61989,317.11,0.42,0.37,2026-08-19,243,N20,VIIRS,n,2.0NRT,296.58,1.38,N
41.75633,-7.62503,306.49,0.42,0.37,2026-08-19,243,N20,VIIRS,n,2.0NRT,293.37,4.15,N
41.75727,-7.63021,344.58,0.42,0.37,2026-08-19,243,N20,VIIRS,n,2.0NRT,298.88,4.15,N
41.75822,-7.63543,323.22,0.42,0.37,2026-08-19,243,N20,VIIRS,n,2.0NRT,288.26,2.8,N
41.75876,-7.61877,310.05,0.42,0.37,2026-08-19,243,N20,VIIRS,n,2.0NRT,290.23,1.38,N
41.83989,-8.48642,305.96,0.4,0.37,2026-08-19,243,N20,VIIRS,n,2.0NRT,293.51,1.16,N
41.84236,-8.4806,306.63,0.4,0.37,2026-08-19,243,N20,VIIRS,n,2.0NRT,293.12,1.16,N
41.84481,-8.47472,303.8,0.4,0.37,2026-08-19,243,N20,VIIRS,n,2.0NRT,292.07,0.66,N
41.84566,-8.47955,304.64,0.4,0.37,2026-08-19,243,N20,VIIRS,n,2.0NRT,292.51,2.09,N
41.85306,-8.48196,316.61,0.4,0.37,2026-08-19,243,N20,VIIRS,n,2.0NRT,292.19,2.74,N
41.8539,-8.48679,345.15,0.4,0.37,2026-08-19,243,N20,VIIRS,n,2.0NRT,295.62,7.46,N
41.94566,-8.48151,331.84,0.4,0.37,2026-08-19,243,N20,VIIRS,n,2.0NRT,295.06,4.35,N
41.94651,-8.48638,330.78,0.4,0.37,2026-08-19,243,N20,VIIRS,n,2.0NRT,291.78,4.35,N
43.43412,4.897,304.26,0.45,0.63,2026-08-19,243,N20,VIIRS,n,2.0NRT,293.63,0.97,N
43.43567,4.89185,307.91,0.45,0.63,2026-08-19,243,N20,VIIRS,n,2.0NRT,294.39,0.97,N
43.4464,4.89795,326.86,0.45,0.63,2026-08-19,243,N20,VIIRS,n,2.0NRT,294.39,4.14,N
43.44793,4.89282,318.56,0.45,0.63,2026-08-19,243,N20,VIIRS,n,2.0NRT,292.4,3.2,N
42.82485,-0.88107,308.93,0.44,0.38,2026-08-19,145,N21,VIIRS,n,2.0NRT,293.25,8.35,N
42.82829,-0.87979,339.89,0.44,0.38,2026-08-19,145,N21,VIIRS,n,2.0NRT,296.33,8.35,N
42.90091,1.51713,298.59,0.39,0.36,2026-08-19,145,N21,VIIRS,n,2.0NRT,288.39,0.33,N
42.90485,1.51346,302.39,0.39,0.36,2026-08-19,145,N21,VIIRS,n,2.0NRT,289.97,0.6,N
42.90554,1.50874,301.03,0.39,0.36,2026-08-19,145,N21,VIIRS,n,2.0NRT,288.33,0.6,N
43.34415,-8.43805,302.96,0.33,0.55,2026-08-19,145,N21,VIIRS,n,2.0NRT,290.03,0.87,N
43.3453,-8.458,300.96,0.33,0.55,2026-08-19,145,N21,VIIRS,n,2.0NRT,289.8,0.64,N
43.43177,4.8911,317.11,0.4,0.37,2026-08-19,145,N21,VIIRS,n,2.0NRT,296.31,2.85,N
43.43261,4.88625,326.99,0.4,0.37,2026-08-19,145,N21,VIIRS,n,2.0NRT,296.19,2.85,N
43.44415,4.90029,334.51,0.4,0.37,2026-08-19,145,N21,VIIRS,n,2.0NRT,295.7,3.64,N
43.44499,4.89544,309.62,0.4,0.37,2026-08-19,145,N21,VIIRS,n,2.0NRT,294.98,2.81,N
43.4483,4.89653,313.68,0.4,0.37,2026-08-19,145,N21,VIIRS,n,2.0NRT,293.51,1.35,N
43.98743,1.23128,302.19,0.4,0.37,2026-08-19,145,N21,VIIRS,n,2.0NRT,290.7,0.57,N
35.70681,4.47669,318.12,0.47,0.4,2026-08-19,147,N21,VIIRS,n,2.0NRT,297.11,2.58,N
35.8799,4.44877,315.89,0.47,0.4,2026-08-19,147,N21,VIIRS,n,2.0NRT,297.49,1.91,N
36.12683,1.24014,318.93,0.39,0.36,2026-08-19,147,N21,VIIRS,n,2.0NRT,299.9,3.01,N
36.13842,2.92635,307.67,0.41,0.37,2026-08-19,147,N21,VIIRS,n,2.0NRT,292.28,1.6,N
36.17934,3.74813,327.29,0.44,0.38,2026-08-19,147,N21,VIIRS,n,2.0NRT,297.17,3.29,N
36.1802,3.75019,320.41,0.44,0.38,2026-08-19,147,N21,VIIRS,n,2.0NRT,295.12,1.98,N
36.597,2.87838,333.03,0.41,0.37,2026-08-19,147,N21,VIIRS,n,2.0NRT,297.87,3.69,N
36.59768,3.13495,319.13,0.42,0.37,2026-08-19,147,N21,VIIRS,n,2.0NRT,297.75,1.98,N
36.62988,3.23246,310.33,0.42,0.38,2026-08-19,147,N21,VIIRS,n,2.0NRT,298.42,1.78,N
36.68145,3.12205,315.74,0.41,0.37,2026-08-19,147,N21,VIIRS,n,2.0NRT,298.15,1.78,N
36.74919,3.08142,320.74,0.41,0.37,2026-08-19,147,N21,VIIRS,n,2.0NRT,299.11,3.49,N
36.77032,3.73174,308.19,0.43,0.38,2026-08-19,147,N21,VIIRS,n,2.0NRT,295.93,1.76,N
36.96721,-1.90439,317.04,0.42,0.38,2026-08-19,147,N21,VIIRS,n,2.0NRT,299.93,2.85,N
36.96833,-1.90645,309.03,0.42,0.38,2026-08-19,147,N21,VIIRS,n,2.0NRT,298.58,1.87,N
37.18045,-6.89862,329.04,0.47,0.48,2026-08-19,147,N21,VIIRS,n,2.0NRT,294.74,3.64,N
37.36044,-6.67482,303.81,0.46,0.47,2026-08-19,147,N21,VIIRS,n,2.0NRT,293.13,0.97,N
38.2659,-5.68962,303.3,0.42,0.45,2026-08-19,147,N21,VIIRS,n,2.0NRT,293.23,1.14,N
38.37568,-0.54643,308.74,0.4,0.37,2026-08-19,147,N21,VIIRS,n,2.0NRT,295.64,0.78,N
38.92044,-9.01074,313,0.32,0.54,2026-08-19,147,N21,VIIRS,n,2.0NRT,293.78,1.83,N
39.97309,-4.17677,327.36,0.55,0.43,2026-08-19,147,N21,VIIRS,n,2.0NRT,294.67,4.87,N
40.09729,-6.36684,322.39,0.47,0.48,2026-08-19,147,N21,VIIRS,n,2.0NRT,295.45,3.65,N
40.09777,-6.37239,324.68,0.47,0.48,2026-08-19,147,N21,VIIRS,n,2.0NRT,295.41,3.65,N
40.1012,-6.36051,331.78,0.47,0.48,2026-08-19,147,N21,VIIRS,n,2.0NRT,296.2,5.32,N
40.10167,-6.36602,330.98,0.47,0.48,2026-08-19,147,N21,VIIRS,n,2.0NRT,299.4,10.05,N
40.10214,-6.3716,353.07,0.47,0.48,2026-08-19,147,N21,VIIRS,n,2.0NRT,303.63,10.05,N
40.10557,-6.35974,330.02,0.47,0.48,2026-08-19,147,N21,VIIRS,n,2.0NRT,297.05,5.32,N
40.10604,-6.36522,322.6,0.47,0.48,2026-08-19,147,N21,VIIRS,n,2.0NRT,297.3,10.05,N
40.10651,-6.37079,352.15,0.47,0.48,2026-08-19,147,N21,VIIRS,n,2.0NRT,302.6,10.05,N
40.10994,-6.35898,336.81,0.47,0.48,2026-08-19,147,N21,VIIRS,n,2.0NRT,296.65,11.77,N
40.1104,-6.36441,355.37,0.47,0.48,2026-08-19,147,N21,VIIRS,n,2.0NRT,301.96,24.39,N
40.11088,-6.36997,353.38,0.47,0.48,2026-08-19,147,N21,VIIRS,n,2.0NRT,301.29,24.39,N
40.11431,-6.35824,329.94,0.47,0.48,2026-08-19,147,N21,VIIRS,n,2.0NRT,295.71,11.77,N
40.11478,-6.36368,353.8,0.47,0.48,2026-08-19,147,N21,VIIRS,n,2.0NRT,305.45,24.39,N
40.11526,-6.36926,308.54,0.47,0.48,2026-08-19,147,N21,VIIRS,n,2.0NRT,293.73,24.39,N
40.11681,-6.33572,305.9,0.47,0.48,2026-08-19,147,N21,VIIRS,n,2.0NRT,295.02,1.84,N
40.11869,-6.35752,340.97,0.47,0.48,2026-08-19,147,N21,VIIRS,n,2.0NRT,297.7,12.5,N
40.11916,-6.36296,367,0.47,0.48,2026-08-19,147,N21,VIIRS,h,2.0NRT,300.37,22.67,N
40.24456,-3.47569,325.53,0.52,0.41,2026-08-19,147,N21,VIIRS,n,2.0NRT,298.48,4.45,N
40.36801,-6.36002,328.14,0.48,0.48,2026-08-19,147,N21,VIIRS,n,2.0NRT,295.88,2.98,N
40.37238,-6.35904,311.23,0.48,0.48,2026-08-19,147,N21,VIIRS,n,2.0NRT,295.38,2.98,N
40.37439,-6.27568,338.34,0.47,0.48,2026-08-19,147,N21,VIIRS,n,2.0NRT,298.27,19.1,N
40.37675,-6.35818,305.46,0.48,0.48,2026-08-19,147,N21,VIIRS,n,2.0NRT,294.42,2.27,N
40.3788,-6.27549,329.1,0.47,0.48,2026-08-19,147,N21,VIIRS,n,2.0NRT,293.93,4.89,N
40.37918,-6.28013,315.97,0.47,0.48,2026-08-19,147,N21,VIIRS,n,2.0NRT,295.02,4.89,N
40.37955,-6.28457,311.63,0.47,0.48,2026-08-19,147,N21,VIIRS,n,2.0NRT,296.78,2.03,N
40.38326,-6.27592,338.52,0.47,0.48,2026-08-19,147,N21,VIIRS,n,2.0NRT,297.29,4.89,N
40.38364,-6.28046,315.59,0.47,0.48,2026-08-19,147,N21,VIIRS,n,2.0NRT,296.73,4.89,N
40.38402,-6.28502,307.41,0.47,0.48,2026-08-19,147,N21,VIIRS,n,2.0NRT,295.15,2.03,N
40.38445,-6.29016,309.27,0.47,0.48,2026-08-19,147,N21,VIIRS,n,2.0NRT,295.49,2.03,N
40.38496,-6.29621,318.3,0.47,0.48,2026-08-19,147,N21,VIIRS,n,2.0NRT,294.58,2.52,N
40.38545,-6.30214,309.01,0.47,0.48,2026-08-19,147,N21,VIIRS,n,2.0NRT,294.71,2.52,N
40.38735,-6.27178,339.76,0.47,0.48,2026-08-19,147,N21,VIIRS,n,2.0NRT,297.86,10.03,N
40.38773,-6.2763,367,0.47,0.48,2026-08-19,147,N21,VIIRS,h,2.0NRT,301.31,10.02,N
40.38811,-6.28088,316.17,0.47,0.48,2026-08-19,147,N21,VIIRS,n,2.0NRT,296.59,10.02,N
40.38849,-6.28545,312.07,0.47,0.48,2026-08-19,147,N21,VIIRS,n,2.0NRT,295.77,2.49,N
40.38996,-6.303,306.49,0.47,0.48,2026-08-19,147,N21,VIIRS,n,2.0NRT,295.13,4.15,N
40.39174,-6.27136,338.67,0.47,0.48,2026-08-19,147,N21,VIIRS,n,2.0NRT,296.23,10.03,N
40.39214,-6.27607,343.82,0.47,0.48,2026-08-19,147,N21,VIIRS,n,2.0NRT,298.38,10.02,N
40.39255,-6.28095,332.11,0.47,0.48,2026-08-19,147,N21,VIIRS,n,2.0NRT,297.66,10.02,N
40.39299,-6.28628,320.54,0.47,0.48,2026-08-19,147,N21,VIIRS,n,2.0NRT,295.55,2.49,N
40.3935,-6.29233,306.69,0.47,0.48,2026-08-19,147,N21,VIIRS,n,2.0NRT,294.13,2.49,N
40.39393,-6.35079,329.08,0.48,0.48,2026-08-19,147,N21,VIIRS,n,2.0NRT,294.49,11.81,N
40.39618,-6.3244,309.31,0.47,0.48,2026-08-19,147,N21,VIIRS,n,2.0NRT,294.22,3.09,N
40.39656,-6.32889,335.03,0.47,0.48,2026-08-19,147,N21,VIIRS,n,2.0NRT,295.72,5.75,N
40.39821,-6.34871,345.03,0.48,0.48,2026-08-19,147,N21,VIIRS,n,2.0NRT,300.57,11.81,N
40.39869,-6.35457,312.97,0.48,0.48,2026-08-19,147,N21,VIIRS,n,2.0NRT,291.44,11.81,N
40.40059,-6.32398,333.59,0.47,0.48,2026-08-19,147,N21,VIIRS,n,2.0NRT,295.18,5.73,N
40.40098,-6.32862,334,0.47,0.48,2026-08-19,147,N21,VIIRS,n,2.0NRT,296.69,3.43,N
40.40136,-6.33323,309.42,0.47,0.48,2026-08-19,147,N21,VIIRS,n,2.0NRT,294.75,3.43,N
40.40299,-6.35275,322.59,0.48,0.48,2026-08-19,147,N21,VIIRS,n,2.0NRT,292.03,3.53,N
40.40538,-6.32812,305.01,0.47,0.48,2026-08-19,147,N21,VIIRS,n,2.0NRT,293.45,3.43,N
40.40657,-6.3424,307.26,0.48,0.48,2026-08-19,147,N21,VIIRS,n,2.0NRT,294.06,3.64,N
40.40697,-6.34722,323.04,0.48,0.48,2026-08-19,147,N21,VIIRS,n,2.0NRT,294.32,3.53,N
40.40739,-6.35212,322.61,0.48,0.48,2026-08-19,147,N21,VIIRS,n,2.0NRT,292.53,3.53,N
40.41059,-6.33727,320.81,0.47,0.48,2026-08-19,147,N21,VIIRS,n,2.0NRT,294.54,4,N
40.41101,-6.34228,337.3,0.48,0.48,2026-08-19,147,N21,VIIRS,n,2.0NRT,293.97,4,N
40.57519,0.53895,310.25,0.39,0.36,2026-08-19,147,N21,VIIRS,n,2.0NRT,296.53,1.35,N
40.65808,-4.5423,310.66,0.39,0.44,2026-08-19,147,N21,VIIRS,n,2.0NRT,290.45,1.49,N
40.86768,-8.16842,301.28,0.6,0.53,2026-08-19,147,N21,VIIRS,n,2.0NRT,291.21,29.86,N
40.86811,-8.1748,367,0.6,0.53,2026-08-19,147,N21,VIIRS,h,2.0NRT,295.53,29.86,N
40.86867,-8.18319,321.77,0.6,0.53,2026-08-19,147,N21,VIIRS,n,2.0NRT,291.17,15.91,N
40.86957,-8.1968,352.36,0.6,0.53,2026-08-19,147,N21,VIIRS,n,2.0NRT,295.45,22.03,N
40.86993,-8.20232,367,0.6,0.53,2026-08-19,147,N21,VIIRS,h,2.0NRT,294.31,22.03,N
40.87031,-8.20802,308.41,0.6,0.53,2026-08-19,147,N21,VIIRS,n,2.0NRT,289.78,7.06,N
40.87263,-8.16887,349.19,0.6,0.53,2026-08-19,147,N21,VIIRS,n,2.0NRT,295.54,29.86,N
40.87306,-8.17536,344.09,0.6,0.53,2026-08-19,147,N21,VIIRS,n,2.0NRT,299.36,29.86,N
40.87363,-8.18379,338.13,0.6,0.53,2026-08-19,147,N21,VIIRS,n,2.0NRT,292.79,15.91,N
40.87451,-8.19706,341.26,0.6,0.53,2026-08-19,147,N21,VIIRS,n,2.0NRT,297.08,22.03,N
40.87487,-8.20253,315.74,0.6,0.53,2026-08-19,147,N21,VIIRS,n,2.0NRT,291.91,22.03,N
40.87717,-8.16325,312.2,0.6,0.53,2026-08-19,147,N21,VIIRS,n,2.0NRT,291.66,2.74,N
40.8776,-8.16961,306.72,0.6,0.53,2026-08-19,147,N21,VIIRS,n,2.0NRT,292.02,2.38,N
40.87801,-8.17575,312.02,0.6,0.53,2026-08-19,147,N21,VIIRS,n,2.0NRT,292.47,2.38,N
40.87856,-8.18395,321.1,0.6,0.53,2026-08-19,147,N21,VIIRS,n,2.0NRT,292.11,6.97,N
40.88254,-8.16999,316.03,0.6,0.53,2026-08-19,147,N21,VIIRS,n,2.0NRT,291.89,2.38,N
40.88298,-8.17657,306.52,0.6,0.53,2026-08-19,147,N21,VIIRS,n,2.0NRT,292.65,2.38,N
40.8928,-8.17619,302.85,0.6,0.53,2026-08-19,147,N21,VIIRS,n,2.0NRT,291.71,2.1,N
40.89333,-8.18403,309.11,0.6,0.53,2026-08-19,147,N21,VIIRS,n,2.0NRT,292.07,2.57,N
40.89822,-8.18346,344.53,0.6,0.53,2026-08-19,147,N21,VIIRS,n,2.0NRT,293.86,17.14,N
40.89914,-8.19695,309.74,0.6,0.53,2026-08-19,147,N21,VIIRS,n,2.0NRT,291,2.07,N
41.16744,-7.25922,312.82,0.54,0.51,2026-08-19,147,N21,VIIRS,n,2.0NRT,293.33,2.76,N
41.16779,-7.26418,312.67,0.54,0.51,2026-08-19,147,N21,VIIRS,n,2.0NRT,292.38,2.76,N
41.16901,-7.25467,315.6,0.54,0.51,2026-08-19,147,N21,VIIRS,n,2.0NRT,293.86,52.92,N
41.16936,-7.25941,342.89,0.54,0.51,2026-08-19,147,N21,VIIRS,n,2.0NRT,303.27,52.92,N
41.16973,-7.26438,341.46,0.54,0.51,2026-08-19,147,N21,VIIRS,n,2.0NRT,295.92,70.36,N
41.17173,-7.25336,324.78,0.54,0.51,2026-08-19,147,N21,VIIRS,n,2.0NRT,294.68,5.21,N
41.17208,-7.25842,332.21,0.54,0.51,2026-08-19,147,N21,VIIRS,n,2.0NRT,310.41,85.84,N
41.17242,-7.26319,352.17,0.54,0.51,2026-08-19,147,N21,VIIRS,n,2.0NRT,311,85.84,N
41.17281,-7.26875,303.54,0.54,0.51,2026-08-19,147,N21,VIIRS,n,2.0NRT,290.79,3.57,N
41.17363,-7.25363,323.77,0.54,0.51,2026-08-19,147,N21,VIIRS,n,2.0NRT,294.75,52.92,N
41.17401,-7.25865,326.96,0.54,0.51,2026-08-19,147,N21,VIIRS,n,2.0NRT,308.18,52.92,N
41.17437,-7.2635,346.74,0.54,0.51,2026-08-19,147,N21,VIIRS,n,2.0NRT,296.26,70.36,N
41.17637,-7.25253,317.08,0.54,0.51,2026-08-19,147,N21,VIIRS,n,2.0NRT,293.94,5.21,N
41.17673,-7.25764,314.28,0.54,0.51,2026-08-19,147,N21,VIIRS,n,2.0NRT,293.64,85.84,N
41.17707,-7.2625,317.23,0.54,0.51,2026-08-19,147,N21,VIIRS,n,2.0NRT,292.05,85.84,N
41.17827,-7.25283,317.31,0.54,0.51,2026-08-19,147,N21,VIIRS,n,2.0NRT,293.71,14.07,N
41.17865,-7.25791,311.37,0.54,0.51,2026-08-19,147,N21,VIIRS,n,2.0NRT,292.93,14.07,N
41.18049,-7.24437,305.48,0.54,0.51,2026-08-19,147,N21,VIIRS,n,2.0NRT,292.62,12.33,N
41.18098,-7.25135,354.83,0.54,0.51,2026-08-19,147,N21,VIIRS,n,2.0NRT,298.15,12.33,N
41.18138,-7.25685,354.63,0.54,0.51,2026-08-19,147,N21,VIIRS,n,2.0NRT,296.76,15.21,N
41.18239,-7.2453,321.12,0.54,0.51,2026-08-19,147,N21,VIIRS,n,2.0NRT,292.97,7.99,N
41.18288,-7.25171,367,0.54,0.51,2026-08-19,147,N21,VIIRS,h,2.0NRT,299.95,14.07,N
41.18329,-7.25711,343.52,0.54,0.51,2026-08-19,147,N21,VIIRS,n,2.0NRT,295.89,14.07,N
41.18563,-7.25057,325.32,0.54,0.51,2026-08-19,147,N21,VIIRS,n,2.0NRT,294.32,12.33,N
41.18601,-7.25592,315.24,0.54,0.51,2026-08-19,147,N21,VIIRS,n,2.0NRT,293.76,15.21,N
41.19791,-7.22523,302.69,0.54,0.51,2026-08-19,147,N21,VIIRS,n,2.0NRT,291.31,12.1,N
41.19852,-7.23374,310.56,0.54,0.51,2026-08-19,147,N21,VIIRS,n,2.0NRT,293.7,12.1,N
41.20258,-7.22486,355.41,0.54,0.51,2026-08-19,147,N21,VIIRS,n,2.0NRT,299.75,12.1,N
41.20317,-7.23301,341.17,0.54,0.51,2026-08-19,147,N21,VIIRS,n,2.0NRT,294.9,12.1,N
41.20722,-7.22414,338.09,0.54,0.51,2026-08-19,147,N21,VIIRS,n,2.0NRT,292.03,10.21,N
41.24868,-7.81574,323.56,0.58,0.52,2026-08-19,147,N21,VIIRS,n,2.0NRT,292.54,4.76,N
41.31298,1.66251,321.33,0.39,0.36,2026-08-19,147,N21,VIIRS,n,2.0NRT,296.85,2.03,N
41.33195,-8.40651,303.4,0.62,0.54,2026-08-19,147,N21,VIIRS,n,2.0NRT,291.51,1.39,N
41.33698,-8.40692,321.51,0.62,0.54,2026-08-19,147,N21,VIIRS,n,2.0NRT,291.42,3.17,N
41.34202,-8.40751,306.23,0.62,0.54,2026-08-19,147,N21,VIIRS,n,2.0NRT,290.78,3.17,N
41.34334,-8.41375,301.61,0.62,0.54,2026-08-19,147,N21,VIIRS,n,2.0NRT,291.25,1.73,N
41.36583,-8.13324,301.9,0.6,0.53,2026-08-19,147,N21,VIIRS,n,2.0NRT,290.33,1.84,N
41.3707,-8.13225,305.24,0.6,0.53,2026-08-19,147,N21,VIIRS,n,2.0NRT,291.4,1.84,N
41.40515,1.99751,312.27,0.38,0.36,2026-08-19,147,N21,VIIRS,n,2.0NRT,296.55,1.81,N
41.47526,2.1846,306.9,0.38,0.36,2026-08-19,147,N21,VIIRS,n,2.0NRT,296.26,1.01,N
41.75181,-7.62328,305.91,0.57,0.52,2026-08-19,147,N21,VIIRS,n,2.0NRT,293.22,4.27,N
41.75219,-7.62888,310.29,0.57,0.52,2026-08-19,147,N21,VIIRS,n,2.0NRT,293.62,5.13,N
41.7562,-7.61678,316.02,0.57,0.52,2026-08-19,147,N21,VIIRS,n,2.0NRT,293.72,3.03,N
41.7566,-7.62283,311.9,0.57,0.52,2026-08-19,147,N21,VIIRS,n,2.0NRT,293.15,3.03,N
41.75698,-7.62856,323.89,0.57,0.52,2026-08-19,147,N21,VIIRS,n,2.0NRT,293.28,5.59,N
41.75735,-7.63406,324.71,0.57,0.52,2026-08-19,147,N21,VIIRS,n,2.0NRT,291.24,5.59,N
41.76097,-7.61616,300.28,0.57,0.52,2026-08-19,147,N21,VIIRS,n,2.0NRT,290.22,3.03,N
41.8409,-8.48042,302.6,0.64,0.54,2026-08-19,147,N21,VIIRS,n,2.0NRT,291.51,3.61,N
41.84623,-8.48501,305.85,0.32,0.54,2026-08-19,147,N21,VIIRS,n,2.0NRT,292.38,1.51,N
41.84643,-8.48839,307.54,0.32,0.54,2026-08-19,147,N21,VIIRS,n,2.0NRT,291.57,1.51,N
41.8513,-8.48559,367,0.32,0.54,2026-08-19,147,N21,VIIRS,h,2.0NRT,295.96,5.33,N
41.85151,-8.48893,307.74,0.32,0.54,2026-08-19,147,N21,VIIRS,n,2.0NRT,291.8,5.33,N
41.92459,0.17855,304.68,0.41,0.37,2026-08-19,147,N21,VIIRS,n,2.0NRT,294.24,1,N
41.94653,-8.4791,335.73,0.32,0.54,2026-08-19,147,N21,VIIRS,n,2.0NRT,290.82,4.62,N
41.94672,-8.48232,334.53,0.32,0.54,2026-08-19,147,N21,VIIRS,n,2.0NRT,291.99,3.77,N
41.94692,-8.48556,326.25,0.32,0.54,2026-08-19,147,N21,VIIRS,n,2.0NRT,290.77,3.77,N
41.989,-8.51258,300.94,0.32,0.55,2026-08-19,147,N21,VIIRS,n,2.0NRT,290.19,3.61,N
41.98922,-8.51621,305.07,0.32,0.55,2026-08-19,147,N21,VIIRS,n,2.0NRT,290.59,3.61,N
41.98945,-8.5198,320.65,0.32,0.55,2026-08-19,147,N21,VIIRS,n,2.0NRT,298.11,17.61,N
41.98966,-8.52333,367,0.32,0.55,2026-08-19,147,N21,VIIRS,h,2.0NRT,296.45,17.61,N
41.98988,-8.52679,320.35,0.32,0.55,2026-08-19,147,N21,VIIRS,n,2.0NRT,291.46,7.65,N
41.99009,-8.53029,327.23,0.32,0.55,2026-08-19,147,N21,VIIRS,n,2.0NRT,291.32,7.65,N
41.99421,-8.52115,305.22,0.32,0.55,2026-08-19,147,N21,VIIRS,n,2.0NRT,290.66,3.34,N
41.99442,-8.52492,324.1,0.32,0.55,2026-08-19,147,N21,VIIRS,n,2.0NRT,290.93,3.34,N
41.99455,-8.52041,304.24,0.32,0.55,2026-08-19,147,N21,VIIRS,n,2.0NRT,290.5,17.61,N
41.99464,-8.52867,367,0.32,0.55,2026-08-19,147,N21,VIIRS,h,2.0NRT,294.93,10.09,N
41.99478,-8.52417,309.74,0.32,0.55,2026-08-19,147,N21,VIIRS,n,2.0NRT,290.67,17.61,N
41.99483,-8.53216,322.69,0.32,0.55,2026-08-19,147,N21,VIIRS,n,2.0NRT,290.1,10.09,N
41.99502,-8.52803,367,0.32,0.55,2026-08-19,147,N21,VIIRS,h,2.0NRT,294.9,7.65,N
41.99524,-8.53151,333.71,0.32,0.55,2026-08-19,147,N21,VIIRS,n,2.0NRT,290.67,7.65,N
41.99845,-8.50683,300.92,0.32,0.55,2026-08-19,147,N21,VIIRS,n,2.0NRT,289.94,1.83,N
41.99886,-8.51408,321.62,0.32,0.55,2026-08-19,147,N21,VIIRS,n,2.0NRT,290.72,1.97,N
41.99908,-8.51777,306.53,0.32,0.55,2026-08-19,147,N21,VIIRS,n,2.0NRT,290.61,1.97,N
41.99917,-8.51334,319.57,0.32,0.55,2026-08-19,147,N21,VIIRS,n,2.0NRT,290.68,1.59,N
41.99929,-8.52152,302.42,0.32,0.55,2026-08-19,147,N21,VIIRS,n,2.0NRT,290.49,3.34,N
41.9994,-8.51702,305.15,0.32,0.55,2026-08-19,147,N21,VIIRS,n,2.0NRT,290.41,1.59,N
41.99963,-8.52074,304.68,0.32,0.55,2026-08-19,147,N21,VIIRS,n,2.0NRT,290.4,1.03,N
42.11593,-8.53726,314.28,0.32,0.55,2026-08-19,147,N21,VIIRS,n,2.0NRT,290.19,1.62,N
42.12052,-8.52892,315.09,0.32,0.55,2026-08-19,147,N21,VIIRS,n,2.0NRT,289.41,1.22,N
42.12094,-8.53627,300.83,0.32,0.55,2026-08-19,147,N21,VIIRS,n,2.0NRT,290.18,2.42,N
42.12556,-8.52844,302.74,0.32,0.55,2026-08-19,147,N21,VIIRS,n,2.0NRT,291.62,1.22,N
42.55161,-6.76925,301.14,0.53,0.5,2026-08-19,147,N21,VIIRS,n,2.0NRT,290.84,0.92,N
35.33849,1.35475,318.73,0.39,0.36,2026-08-19,149,N21,VIIRS,n,2.0NRT,295.08,2.03,N
35.45785,-0.39799,314.68,0.39,0.36,2026-08-19,149,N21,VIIRS,n,2.0NRT,296.22,1.92,N
35.53141,-0.27712,316.94,0.39,0.36,2026-08-19,149,N21,VIIRS,n,2.0NRT,298.34,2.13,N
35.76151,-0.26446,325.63,0.39,0.36,2026-08-19,149,N21,VIIRS,n,2.0NRT,299.56,2.49,N
35.76871,-0.26721,311.55,0.39,0.36,2026-08-19,149,N21,VIIRS,n,2.0NRT,300.47,1.99,N
35.77402,-0.25727,314.9,0.39,0.36,2026-08-19,149,N21,VIIRS,n,2.0NRT,298.48,2.31,N
35.78418,0.5408,319.45,0.38,0.36,2026-08-19,149,N21,VIIRS,n,2.0NRT,299.5,2.45,N
35.80563,-0.24143,311.83,0.39,0.36,2026-08-19,149,N21,VIIRS,n,2.0NRT,298.11,2.62,N
35.80708,-0.34172,309.34,0.39,0.36,2026-08-19,149,N21,VIIRS,n,2.0NRT,299,1.4,N
35.80818,-0.25834,329.56,0.39,0.36,2026-08-19,149,N21,VIIRS,n,2.0NRT,299.88,3.07,N
35.80828,-0.23646,308.25,0.39,0.36,2026-08-19,149,N21,VIIRS,n,2.0NRT,297.71,1.55,N
35.81338,-0.2703,331.27,0.39,0.36,2026-08-19,149,N21,VIIRS,n,2.0NRT,299.74,3.53,N
35.81401,-0.27453,310.85,0.39,0.36,2026-08-19,149,N21,VIIRS,n,2.0NRT,297.43,3.45,N
35.81667,-0.26957,328.7,0.39,0.36,2026-08-19,149,N21,VIIRS,n,2.0NRT,298.62,3.53,N
37.17696,-6.89584,304.32,0.76,0.77,2026-08-19,328,N21,VIIRS,n,2.0NRT,291.79,1.82,N
37.18214,-6.89267,315.72,0.76,0.77,2026-08-19,328,N21,VIIRS,n,2.0NRT,291.82,3.65,N
37.18356,-6.89251,310.45,0.76,0.77,2026-08-19,328,N21,VIIRS,n,2.0NRT,291.73,2.34,N
40.09859,-6.36068,304.27,0.66,0.73,2026-08-19,328,N21,VIIRS,n,2.0NRT,290.89,2.13,N
40.10034,-6.37318,309.19,0.66,0.73,2026-08-19,328,N21,VIIRS,n,2.0NRT,291.35,2.75,N
40.10093,-6.36802,304.17,0.66,0.73,2026-08-19,328,N21,VIIRS,n,2.0NRT,291.42,2.13,N
40.10196,-6.35555,339.29,0.66,0.73,2026-08-19,328,N21,VIIRS,n,2.0NRT,292.35,7.07,N
40.10321,-6.37522,306.53,0.66,0.73,2026-08-19,328,N21,VIIRS,n,2.0NRT,290.8,2.39,N
40.10438,-6.36303,307.2,0.66,0.73,2026-08-19,328,N21,VIIRS,n,2.0NRT,291.34,7.07,N
40.10674,-6.37032,321.99,0.66,0.73,2026-08-19,328,N21,VIIRS,n,2.0NRT,291.96,4.05,N
40.10828,-6.35243,341.73,0.66,0.73,2026-08-19,328,N21,VIIRS,n,2.0NRT,291.65,7.07,N
40.109,-6.37733,301.17,0.66,0.73,2026-08-19,328,N21,VIIRS,n,2.0NRT,290.33,4.05,N
40.11072,-6.35999,303.17,0.66,0.73,2026-08-19,328,N21,VIIRS,n,2.0NRT,291.16,7.07,N
40.11312,-6.36743,315.85,0.66,0.73,2026-08-19,328,N21,VIIRS,n,2.0NRT,291.3,4.05,N
40.1194,-6.3642,305.29,0.66,0.73,2026-08-19,328,N21,VIIRS,n,2.0NRT,290.78,2.42,N
40.28798,-8.41958,301.68,0.52,0.67,2026-08-19,328,N21,VIIRS,n,2.0NRT,290.59,1.49,N
40.36866,-6.35763,304.82,0.65,0.73,2026-08-19,328,N21,VIIRS,n,2.0NRT,292.11,5.31,N
40.37094,-6.36472,316.71,0.65,0.73,2026-08-19,328,N21,VIIRS,n,2.0NRT,292.15,5.8,N
40.37615,-6.27398,306.18,0.66,0.73,2026-08-19,328,N21,VIIRS,n,2.0NRT,290.74,3.21,N
40.37673,-6.2692,304.25,0.66,0.73,2026-08-19,328,N21,VIIRS,n,2.0NRT,290.94,3.07,N
40.3774,-6.3622,324.69,0.65,0.73,2026-08-19,328,N21,VIIRS,n,2.0NRT,292.24,6.24,N
40.38667,-6.27745,305.41,0.66,0.73,2026-08-19,328,N21,VIIRS,n,2.0NRT,291.46,4.43,N
40.38701,-6.28489,304.82,0.66,0.73,2026-08-19,328,N21,VIIRS,n,2.0NRT,291.17,3.99,N
40.39022,-6.31142,305.84,0.65,0.73,2026-08-19,328,N21,VIIRS,n,2.0NRT,291.25,4.83,N
40.39119,-6.27523,310.14,0.66,0.73,2026-08-19,328,N21,VIIRS,n,2.0NRT,291.44,3.35,N
40.39144,-6.2695,306.06,0.66,0.73,2026-08-19,328,N21,VIIRS,n,2.0NRT,291.14,2.78,N
40.39245,-6.30158,307.6,0.65,0.73,2026-08-19,328,N21,VIIRS,n,2.0NRT,291.09,3.11,N
40.3931,-6.29757,310.06,0.65,0.73,2026-08-19,328,N21,VIIRS,n,2.0NRT,291.41,5.43,N
40.39398,-6.35115,320.71,0.65,0.73,2026-08-19,328,N21,VIIRS,n,2.0NRT,291.87,6.8,N
40.39465,-6.30835,307.2,0.65,0.73,2026-08-19,328,N21,VIIRS,n,2.0NRT,290.78,3.11,N
40.3951,-6.34954,327.85,0.65,0.73,2026-08-19,328,N21,VIIRS,n,2.0NRT,293.22,9.08,N
40.39894,-6.34402,320.21,0.65,0.73,2026-08-19,328,N21,VIIRS,n,2.0NRT,290.79,4.64,N
40.39924,-6.33975,302.82,0.65,0.73,2026-08-19,328,N21,VIIRS,n,2.0NRT,289.55,5.43,N
40.40168,-6.35245,313.16,0.65,0.73,2026-08-19,328,N21,VIIRS,n,2.0NRT,289.55,4.64,N
40.40226,-6.34925,319.4,0.65,0.73,2026-08-19,328,N21,VIIRS,n,2.0NRT,290.13,3.34,N
40.40756,-6.34816,316.84,0.65,0.73,2026-08-19,328,N21,VIIRS,n,2.0NRT,290.21,4.64,N
40.40757,-6.34308,312,0.65,0.73,2026-08-19,328,N21,VIIRS,n,2.0NRT,290.19,3.34,N
40.41069,-6.35293,302.53,0.65,0.73,2026-08-19,328,N21,VIIRS,n,2.0NRT,289.06,3.34,N
40.41264,-6.34135,301.94,0.65,0.73,2026-08-19,328,N21,VIIRS,n,2.0NRT,289.91,1.55,N
40.81097,-8.35721,330.98,0.5,0.66,2026-08-19,328,N21,VIIRS,n,2.0NRT,290.69,3.69,N
40.81294,-8.35378,322.9,0.5,0.66,2026-08-19,328,N21,VIIRS,n,2.0NRT,289.96,3.78,N
40.81421,-8.35799,312.27,0.5,0.66,2026-08-19,328,N21,VIIRS,n,2.0NRT,290.38,3.78,N
40.81636,-8.35337,306.68,0.5,0.66,2026-08-19,328,N21,VIIRS,n,2.0NRT,289.65,1.53,N
40.86436,-8.17548,332.26,0.51,0.66,2026-08-19,328,N21,VIIRS,n,2.0NRT,290.3,8.04,N
40.86521,-8.16951,306.79,0.51,0.66,2026-08-19,328,N21,VIIRS,n,2.0NRT,289.56,6.61,N
40.86567,-8.20191,302.57,0.51,0.66,2026-08-19,328,N21,VIIRS,n,2.0NRT,289.68,2.37,N
40.86575,-8.18013,367,0.51,0.66,2026-08-19,328,N21,VIIRS,h,2.0NRT,293.14,19.91,N
40.86613,-8.1942,310.25,0.51,0.66,2026-08-19,328,N21,VIIRS,n,2.0NRT,289.66,5.92,N
40.867,-8.17542,355.62,0.51,0.66,2026-08-19,328,N21,VIIRS,n,2.0NRT,293.05,21.78,N
40.86721,-8.16289,300.96,0.51,0.66,2026-08-19,328,N21,VIIRS,n,2.0NRT,289.73,8.04,N
40.86807,-8.21004,315.52,0.51,0.66,2026-08-19,328,N21,VIIRS,n,2.0NRT,288.84,2.73,N
40.8684,-8.18001,367,0.51,0.66,2026-08-19,328,N21,VIIRS,h,2.0NRT,293.03,21.78,N
40.8686,-8.20236,335.43,0.51,0.66,2026-08-19,328,N21,VIIRS,n,2.0NRT,290.35,12.21,N
40.86941,-8.17032,334.16,0.51,0.66,2026-08-19,328,N21,VIIRS,n,2.0NRT,291.13,8.04,N
40.86963,-8.18404,305.9,0.51,0.66,2026-08-19,328,N21,VIIRS,n,2.0NRT,289.46,5.92,N
40.87034,-8.19553,367,0.51,0.66,2026-08-19,328,N21,VIIRS,h,2.0NRT,292.01,14.45,N
40.87097,-8.18846,300.45,0.51,0.66,2026-08-19,328,N21,VIIRS,n,2.0NRT,289.08,5.92,N
40.87109,-8.17599,347.45,0.51,0.66,2026-08-19,328,N21,VIIRS,n,2.0NRT,291.57,19.91,N
40.87114,-8.21074,300.91,0.51,0.66,2026-08-19,328,N21,VIIRS,n,2.0NRT,288.24,12.21,N
40.87197,-8.17009,315.53,0.51,0.66,2026-08-19,328,N21,VIIRS,n,2.0NRT,290.05,11.64,N
40.87248,-8.18062,367,0.51,0.66,2026-08-19,328,N21,VIIRS,h,2.0NRT,292.78,19.91,N
40.87299,-8.20447,328.6,0.51,0.66,2026-08-19,328,N21,VIIRS,n,2.0NRT,289.39,13.27,N
40.87304,-8.19527,367,0.51,0.66,2026-08-19,328,N21,VIIRS,h,2.0NRT,292.41,12.21,N
40.87365,-8.18453,306.61,0.51,0.66,2026-08-19,328,N21,VIIRS,n,2.0NRT,289.87,14.45,N
40.87374,-8.17591,367,0.51,0.66,2026-08-19,328,N21,VIIRS,h,2.0NRT,293.31,11.64,N
40.87507,-8.18931,355.54,0.51,0.66,2026-08-19,328,N21,VIIRS,n,2.0NRT,292.43,14.45,N
40.87519,-8.18068,317.83,0.51,0.66,2026-08-19,328,N21,VIIRS,n,2.0NRT,289.92,8.55,N
40.87571,-8.20413,367,0.51,0.66,2026-08-19,328,N21,VIIRS,h,2.0NRT,293.03,12.21,N
40.87602,-8.17043,308.56,0.51,0.66,2026-08-19,328,N21,VIIRS,n,2.0NRT,289.76,2.58,N
40.87639,-8.18464,327.02,0.51,0.66,2026-08-19,328,N21,VIIRS,n,2.0NRT,290.58,8.55,N
40.87726,-8.1967,367,0.51,0.66,2026-08-19,328,N21,VIIRS,h,2.0NRT,292.46,13.27,N
40.87781,-8.1893,367,0.51,0.66,2026-08-19,328,N21,VIIRS,h,2.0NRT,293.23,9.7,N
40.87792,-8.17682,309.04,0.51,0.66,2026-08-19,328,N21,VIIRS,n,2.0NRT,290.19,2.58,N
40.87991,-8.20568,311.6,0.51,0.66,2026-08-19,328,N21,VIIRS,n,2.0NRT,289.33,13.27,N
40.88011,-8.19691,307.28,0.51,0.66,2026-08-19,328,N21,VIIRS,n,2.0NRT,289.17,9.7,N
40.88052,-8.17653,320.08,0.51,0.66,2026-08-19,328,N21,VIIRS,n,2.0NRT,289.97,8.55,N
40.88054,-8.18561,313.53,0.51,0.66,2026-08-19,328,N21,VIIRS,n,2.0NRT,290.46,4.52,N
40.88221,-8.19125,321.93,0.51,0.66,2026-08-19,328,N21,VIIRS,n,2.0NRT,290.26,5.62,N
40.88272,-8.17084,316.71,0.51,0.66,2026-08-19,328,N21,VIIRS,n,2.0NRT,289.54,2.58,N
40.88443,-8.17658,316.06,0.51,0.66,2026-08-19,328,N21,VIIRS,n,2.0NRT,290,4.52,N
40.88541,-8.17094,309.52,0.51,0.66,2026-08-19,328,N21,VIIRS,n,2.0NRT,289.56,2.8,N
40.88706,-8.17639,307.3,0.51,0.66,2026-08-19,328,N21,VIIRS,n,2.0NRT,289.72,2.8,N
40.88871,-8.18182,302.4,0.51,0.66,2026-08-19,328,N21,VIIRS,n,2.0NRT,289.73,15.39,N
40.89453,-8.17933,336.29,0.51,0.66,2026-08-19,328,N21,VIIRS,n,2.0NRT,290.45,15.39,N
40.89596,-8.18407,367,0.51,0.66,2026-08-19,328,N21,VIIRS,h,2.0NRT,294.56,15.39,N
40.89757,-8.1894,341.11,0.51,0.66,2026-08-19,328,N21,VIIRS,n,2.0NRT,290.84,10.26,N
40.89973,-8.19657,301.62,0.51,0.66,2026-08-19,328,N21,VIIRS,n,2.0NRT,289.08,10.26,N
40.90036,-8.17688,325.18,0.51,0.66,2026-08-19,328,N21,VIIRS,n,2.0NRT,289.23,13.78,N
40.90175,-8.18147,355.39,0.51,0.66,2026-08-19,328,N21,VIIRS,n,2.0NRT,290.1,13.78,N
41.17235,-7.26236,323.23,0.56,0.68,2026-08-19,328,N21,VIIRS,n,2.0NRT,291.22,3.67,N
41.17409,-7.26337,315.49,0.56,0.68,2026-08-19,328,N21,VIIRS,n,2.0NRT,290.59,2.28,N
41.17732,-7.25635,308.57,0.56,0.68,2026-08-19,328,N21,VIIRS,n,2.0NRT,291.44,2.24,N
41.17918,-7.25768,313,0.56,0.68,2026-08-19,328,N21,VIIRS,n,2.0NRT,291.68,2.28,N
41.18316,-7.25319,309.1,0.56,0.68,2026-08-19,328,N21,VIIRS,n,2.0NRT,292.06,2.24,N
41.19648,-7.23016,343.62,0.56,0.69,2026-08-19,328,N21,VIIRS,n,2.0NRT,293.49,6.6,N
41.19775,-7.23423,305.65,0.56,0.69,2026-08-19,328,N21,VIIRS,n,2.0NRT,291.72,6.6,N
41.20097,-7.22264,306.23,0.56,0.69,2026-08-19,328,N21,VIIRS,n,2.0NRT,290.65,7.1,N
41.20249,-7.22751,328.59,0.56,0.69,2026-08-19,328,N21,VIIRS,n,2.0NRT,291.65,6.6,N
41.20385,-7.23189,330.83,0.56,0.69,2026-08-19,328,N21,VIIRS,n,2.0NRT,291.7,6.6,N
41.24846,-7.81529,301.4,0.52,0.67,2026-08-19,328,N21,VIIRS,n,2.0NRT,290.49,1.1,N
41.85035,-8.48668,301.18,0.46,0.64,2026-08-19,328,N21,VIIRS,n,2.0NRT,289.44,2,N
41.94501,-8.48369,309.81,0.46,0.64,2026-08-19,328,N21,VIIRS,n,2.0NRT,288.99,1.65,N
41.98793,-8.52293,307.47,0.46,0.63,2026-08-19,328,N21,VIIRS,n,2.0NRT,289.25,3.36,N
41.98875,-8.52164,305.46,0.46,0.63,2026-08-19,328,N21,VIIRS,n,2.0NRT,289.32,1.26,N
41.99108,-8.53377,342.41,0.46,0.63,2026-08-19,328,N21,VIIRS,n,2.0NRT,290.31,4.52,N
41.99194,-8.53236,341.92,0.46,0.63,2026-08-19,328,N21,VIIRS,n,2.0NRT,290.21,9.64,N
41.99261,-8.53903,300.25,0.46,0.63,2026-08-19,328,N21,VIIRS,n,2.0NRT,288.21,4.52,N
41.99352,-8.53767,321.55,0.46,0.63,2026-08-19,328,N21,VIIRS,n,2.0NRT,288.43,7.54,N
41.99562,-8.52776,324.7,0.46,0.63,2026-08-19,328,N21,VIIRS,n,2.0NRT,288.63,2.8,N
41.99658,-8.52683,309.7,0.46,0.63,2026-08-19,328,N21,VIIRS,n,2.0NRT,288.43,2.5,N
41.99732,-8.53364,304.48,0.46,0.63,2026-08-19,328,N21,VIIRS,n,2.0NRT,287.9,2.8,N
43.44464,4.8971,331.01,0.5,0.66,2026-08-19,1130,N21,VIIRS,l,2.0NRT,305.79,6.7,D
